词语,频率
花,1562
風,1230
雲,1170
月,1156
春,1112
香,1095
夢,1058
愁,1004
秋,816
寒,806
雨,784
夜,727
影,714
歸,661
思,656
山,617
樹,546
情,545
吟,518
窗,513
詩,506
露,505
書,504
煙,495
酒,490
遠,489
閒,483
冷,480
離,448
家,437
憐,435
獨,422
霜,416
淚,415
雪,398
客,395
畫,391
涼,380
魂,373
懷,365
笑,356
女,348
燈,337
塵,333
恨,308
雁,297
華,293
葉,293
竹,289
復,279
柳,279
病,274
門,270
燕,267
靜,266
蘭,261
孤,254
江,253
苦,252
瘦,248
仙,244
東風,239
醉,238
鳴,238
悲,235
烟,230
疑,226
愛,223
易,223
西風,219
天涯,219
親,217
眉,214
鳥,213
春風,211
催,211
眠,211
妝,209
梅,206
海,206
苔,201
惜,198
冰,198
龍,194
羅,189
鶴,187
學,187
說,184
可憐,184
星,184
合,184
夕陽,182
闌,182
明月,180
賦,178
景,175
折,171
兒,170
掩,170
音,169
魚,168
閣,167
手,167
梅花,167
閨,166
靈,166
泉,164
鬢,164
飄,163
相思,163
骨,160
樂,159
松,158
尺,157
夕,157
緣,156
須,155
霞,154
江南,153
映,152
絮,151
舟,149
臺,149
帆,149
住,148
風雨,148
豔,147
征,140
蝶,139
怨,139
著,139
鳳,135
琴,133
念,133
裹,131
齊,131
晝,130
辭,130
墨,130
千里,129
圓,128
指,128
圖,127
鸞,127
死,126
紙,126
橋,126
馬,125
火,125
懸,125
芳草,124
浪,124
湖,122
貧,122
取,122
歡,121
吾,121
溪,118
母,118
鬟,118
睡,118
瓊,117
鴻,116
粧,116
峰,115
鼓,115
會,114
志,114
桃花,114
恐,114
詞,114
爾,114
昔,114
銷,114
霧,114
泣,112
屏,112
翦,112
步,111
白雲,111
燭,110
幸,109
停,109
秋風,109
荷,109
哀,108
欄,108
端,108
畔,107
回首,107
殊,107
謝,106
蓮,106
壓,105
漢,105
蕭蕭,105
蒼,105
堂,104
園,104
鴉,104
落花,104
船,103
帳,103
支,103
愧,103
當年,103
籬,102
芙蓉,102
釵,101
歸來,101
聊,100
楊,99
今日,99
蟲,99
籠,98
憂,98
潮,98
徧,98
烏,98
環,98
恩,98
淺,96
徒,96
良,95
守,95
河,94
纔,94
菊,94
盈,94
惆悵,94
無限,93
佳,93
杯,93
腸,93
歎,92
賢,92
羽,91
遍,91
國,91
茶,90
墜,90
閑,90
嗁,90
斜陽,90
人間,90
卽,89
迴,89
牆,89
美人,89
凍,89
傷心,88
繫,87
寂寂,87
儂,87
何時,86
盼,86
宮,86
春色,85
福,85
求,85
紗,84
縱,84
闌干,84
囘,84
稀,84
牀,84
爐,84
慣,83
兒女,83
買,83
年年,83
悵,83
簷,83
寐,82
越,82
斷腸,82
雅,82
雞,82
藥,82
觸,82
賞,81
懶,81
消息,81
承,80
流水,80
英,80
歇,80
春光,80
異,80
毫,80
昏,79
蓬,79
陽,79
桃,79
婦,79
溼,78
德,78
妙,78
帷,78
拈,77
寂寞,77
田,77
骨肉,77
命,77
人生,76
新詩,76
寸,76
目,76
遣,76
楊柳,76
酬,76
悄,76
黃昏,75
功,75
分明,75
工,75
土,75
刀,75
姑,75
卜,75
羨,74
增,74
裳,74
蟬,74
絃,74
玲瓏,73
壺,73
滅,73
索,73
珍重,72
慈,72
鄕,72
走,72
佩,72
肯,72
託,72
斗,72
拜,72
簫,72
茫茫,72
卧,72
無端,72
囊,72
餐,71
迢迢,71
幅,71
筵,71
海棠,71
輪,70
旣,70
無語,70
戀,70
煞,70
王,70
鄉,70
妒,70
肥,70
顧,70
燕子,70
蕭,69
師,69
鮮,69
羞,69
衾,69
胡,69
鴛鴦,69
緒,68
別離,68
鄰,68
落葉,68
砌,68
雛,68
幃,68
紛,67
料,67
繁華,67
供,67
軒,66
灰,66
無聲,66
閉,66
幾度,66
貴,66
沒,65
鷗,65
縈,65
阻,65
文章,65
熟,65
秦,65
加,65
天地,64
井,64
故鄉,64
釀,64
塘,64
千古,63
煩,63
徘徊,63
關山,63
惹,62
萍,62
庭院,62
遞,62
盈盈,62
元,62
嫌,62
扉,62
贈,62
故園,62
摧,62
觀,62
冠,62
鞭,61
巢,61
密,61
佛,61
鬬,61
蕉,61
編,61
勤,61
追,61
桂,61
村,61
澹,60
銀河,60
薰,60
膝,60
賣,60
桃李,60
柰,60
殷勤,60
張,60
力,60
姊妹,59
哭,59
鴛,59
相逢,59
房,59
邀,59
神仙,59
漁,59
湘,59
鈿,59
笛,59
郎,59
暑,58
列,58
敎,58
馳,58
憔悴,58
扁舟,58
宦,57
吳,57
顏色,57
多情,57
細雨,57
淒,57
梧桐,57
麗,57
推,56
違,56
鬱,56
雜,56
幻,56
往事,56
迢,56
繁,56
達,56
錯,56
劍,56
案,56
痛,56
番,56
依舊,56
主,56
臨風,56
血,55
境,55
韶光,55
禽,55
干,55
賸,55
危,55
狂,55
夫,55
省,55
不忍,55
剛,55
品,55
昨夜,55
談,55
芽,54
延,54
高堂,53
嚴,53
忙,53
羡,53
揮,53
角,53
損,53
偕,53
離別,53
笙,53
飲,53
黃花,53
嬾,53
末,53
戰,52
湘簾,52
窗紗,52
相對,52
慧,52
風塵,52
兵,52
纏綿,52
零落,52
年華,52
秋水,52
悟,52
算,52
團,52
內,52
逸,51
風景,51
慚,51
拋,51
酣,51
雷,51
輸,51
蒼茫,51
暈,51
誰家,51
銅,51
長安,51
險,51
榮,50
寂,50
澤,50
平安,50
掌,50
口,50
脂,50
沉,50
酸,50
倒,50
澄,50
義,50
値,50
業,50
岫,50
裘,50
新月,50
茗,50
蘿,49
風流,49
冬,49
參差,49
父,49
千秋,49
富貴,49
棄,49
驅,49
春寒,49
寂寥,49
今夕,49
夕照,49
落日,49
綿,49
絶,49
秋色,49
髻,48
儘,48
座,48
樓臺,48
三更,48
嘗,48
藉,48
勢,47
陳,47
絡,47
寬,47
複,47
天上,47
離愁,47
枝頭,47
參,47
謀,47
營,47
殿,47
艷,47
無聊,46
當時,46
陶,46
逝,46
埋,46
證,46
滯,46
畱,46
鎻,46
涙,46
此日,46
息,46
梨花,46
膏,46
蘆,46
禮,46
精,46
記得,46
牛,46
兄,45
探,45
舉,45
剪,45
寺,45
桑,45
悔,45
累,45
蟾,45
程,45
歲月,45
夏,45
鴈,45
不堪,45
粟,44
具,44
奪,44
淨,44
浮雲,44
勿,44
尖,44
桐,44
梳,44
髪,44
選,44
廢,43
天氣,43
猿,43
蛾,43
困,43
逾,43
身世,43
擘,43
架,43
惟有,43
遥,43
温,43
屈,43
努力,42
夫人,42
牕,42
詩書,42
咫尺,42
鬥,42
銜,42
綰,42
頓,42
小院,42
賒,42
眾,42
勸,42
饒,42
山川,42
幾時,42
豪,42
紅塵,42
箇,42
飄零,42
裙,42
蒲,42
池塘,42
穩,41
平生,41
撥,41
飽,41
士,41
恰,41
百年,41
故人,41
體,41
綵,41
斑,41
此時,41
無言,41
涼風,41
鸚鵡,41
饑,41
淒涼,41
章,41
鈎,40
號,40
凌,40
印,40
蕙,40
挑燈,40
穀,40
欹,40
孝,40
脫,40
紈,40
謂,40
蘇,40
蕭瑟,40
苑,40
相見,40
降,40
瘦影,39
蕪,39
裝,39
杜鵑,39
殺,39
宛,39
束,39
無情,39
暮雲,39
逗,39
薪,39
蝴蝶,39
窗外,39
婢,39
途,39
巾,39
弓,39
海上,39
策,39
珍,39
恆,39
鍼,38
無力,38
製,38
争,38
擊,38
肌,38
芭蕉,38
左,38
三徑,38
今朝,38
羊,38
囘首,38
矜,38
訝,38
御,38
籌,38
殘月,38
趨,38
璧,37
暗香,37
惱,37
伏,37
襲,37
僧,37
止,37
富,37
漿,37
弟,37
悽,37
薦,37
浣,37
聰明,37
效,37
韶華,36
丰,36
禪,36
誠,36
貪,36
鵑,36
今夜,36
厯,36
柳絮,36
表,36
繭,36
心事,36
鵲,36
尾,36
驕,36
蓬萊,36
服,36
夾,36
娛,36
顰,36
羅衣,36
弔,36
妾,36
麥,36
愼,36
主人,35
蒸,35
纎,35
薄命,35
娘,35
燼,35
讀書,35
關心,35
猜,35
斂,35
健,35
鬼,35
煮,35
侯,35
羹,35
擅,35
髫,35
英雄,35
鼎,35
戈,35
翩翩,35
簇,35
極目,35
嘉,35
黃金,35
長空,35
四壁,34
素心,34
歌聲,34
涼月,34
障,34
恍,34
滄桑,34
履,34
飛花,34
同心,34
挽,34
歸期,34
珊瑚,34
翁,34
屢,34
蓮花,34
荆,34
濤,34
腸斷,34
摘,34
舊時,34
軍,34
惡,34
涕,34
瀟湘,34
蜂,34
閨中,34
嘆,34
耀,33
卿,33
蒼蒼,33
疾,33
佳人,33
屐,33
明珠,33
驛,33
黑,33
晚風,33
宴,33
綻,33
不覺,33
誰知,33
脈脈,33
界,33
鹿,33
鹽,33
畝,33
幔,33
陽春,33
寄語,33
施,33
眺,33
掠,33
他鄉,33
予,33
冶,32
冀,32
奠,32
兩岸,32
儀,32
無恙,32
幹,32
冰雪,32
役,32
樣,32
團圞,32
嫁,32
梢,32
進,32
豆,32
賴,32
鴨,32
遲遲,32
墻,32
靑山,32
葬,32
霄,32
慘,32
春水,32
雙星,32
佳節,32
瑶,32
膝下,32
岑,32
警,32
草堂,32
亡,32
暝,31
獻,31
五色,31
艱難,31
百花,31
睛,31
輭,31
旌,31
漠漠,31
蛇,31
麻,31
飯,31
量,31
雲山,31
函,31
芸,31
玉笛,31
杏,31
辛苦,31
適,31
煖,31
古人,31
微風,31
怒,31
風光,31
改,31
博,31
麝,31
完,31
萱,31
君子,31
賜,31
淸風,31
簟,31
酌,31
東籬,31
空山,31
螺,31
謫,31
挹,31
畫圖,31
遠山,30
彎,30
卅,30
耕,30
操,30
翼,30
高樓,30
匹,30
潛,30
朔風,30
羈,30
篋,30
忠,30
芳菲,30
衣裳,30
閩,30
爪,30
曠,30
杏花,30
勉,30
草木,30
訓,30
妹,30
網,30
園林,30
舫,30
辰,30
朦朧,30
仗,30
山色,29
詩人,29
執,29
兩地,29
重陽,29
淒淒,29
古今,29
半生,29
紀,29
保,29
豐,29
雄,29
舊夢,29
靡,29
妃,29
頹,29
夜夜,29
有時,29
病骨,29
反,29
槐,29
棋,29
愴,29
駒,29
蛾眉,29
浦,29
提,29
遐,29
店,29
閭,29
隴,29
雀,29
償,29
刼,29
風雪,29
琉璃,29
鼠,29
阿母,29
憎,29
西湖,29
騰,29
毛,29
故國,28
燈火,28
旦,28
伸,28
飄泊,28
禾,28
劇,28
傷神,28
凋,28
凄,28
敞,28
知音,28
沐,28
緯,28
榻,28
胭脂,28
題詩,28
行人,28
姊,28
俯,28
凈,28
術,28
臙脂,28
杜,28
千金,28
太息,28
凉,28
株,28
卉,28
恁,28
裾,28
翅,28
烽火,28
廉,28
菱,28
掩映,28
二月,28
遊子,28
吞,28
塡,28
有人,28
光陰,28
貌,28
瀟瀟,28
鈴,28
少年,27
月華,27
橈,27
知己,27
特,27
馨,27
友,27
津,27
紗窗,27
鑒,27
姬,27
欺,27
畫樓,27
颯颯,27
椽,27
茵,27
景物,27
戍,27
臘,27
淋漓,27
藤,27
蔭,27
女伴,27
拾,27
鬚,27
蹉跎,27
畢竟,27
藻,27
蘆花,27
笑語,27
日月,27
拚,27
紅豆,27
魔,27
沁,27
丸,27
聚首,27
閱,27
針,27
柯,27
焚香,27
退,27
琴書,27
埽,27
評,26
春暉,26
疎影,26
辛,26
治,26
趣,26
無邊,26
寢,26
次,26
箔,26
豓,26
鉛,26
請,26
鑪,26
梧,26
巳,26
分手,26
鞋,26
皎,26
衷,26
月色,26
芬芳,26
笙歌,26
夷,26
垣,26
衛,26
蕭條,26
摇,26
削,26
京,26
墓,26
塗,26
聲聲,26
飈,26
秉,26
皇,26
孤兒,26
旗,26
擲,26
孤燈,26
姮娥,26
肅,26
煙波,26
仙人,26
赴,26
蜀,26
蘭閨,26
匣,26
益,26
刺,26
歸去,26
帝,26
精神,25
循,25
萋萋,25
葩,25
嫦娥,25
珍珠,25
稻,25
轉眼,25
犀,25
獨立,25
鍾,25
金錢,25
終日,25
臂,25
漫漫,25
徙,25
尺素,25
横,25
金石,25
民,25
琵琶,25
虹,25
天邊,25
鐘聲,25
聖,25
抵,25
明鏡,25
惠,25
輕寒,25
不見,25
盆,25
簡,25
囀,25
贏得,25
心情,25
椿,25
顆,25
墳,25
玉樹,25
貽,25
杜宇,25
齡,25
淹,25
隱隱,25
今宵,25
瑞,25
寒食,25
詩句,25
床,25
啄,25
授,25
磴,25
堤,25
覩,25
鴻雁,25
此際,25
黃葉,25
尋常,25
吉,25
萼,25
羣芳,25
珮,25
梨,25
檢點,25
舅,24
流鶯,24
棖,24
秋雨,24
勁,24
到處,24
萬古,24
棺,24
珊珊,24
落紅,24
黏,24
敗,24
武,24
翳,24
運,24
輕舟,24
黍,24
祿,24
幼,24
鏡中,24
擎,24
規,24
宗,24
男,24
屑,24
防,24
冥,24
闈,24
柏,24
臣,24
則,24
風味,24
祖,24
胸,24
悵望,24
李,24
圃,24
月影,24
榭,24
無奈,24
銷魂,24
淵,24
沽,24
春雨,24
宇,24
南山,24
筐,24
局,23
搜,23
雙雙,23
三十,23
熏,23
江水,23
翮,23
胎,23
春山,23
彌,23
點綴,23
早春,23
三秋,23
植,23
造,23
江城,23
南浦,23
人影,23
竹影,23
滄海,23
鷺,23
蟋蟀,23
楓葉,23
白髮,23
奮,23
相憶,23
廣,23
明朝,23
府,23
浮生,23
皎皎,23
蔓,23
天然,23
秦淮,23
畫眉,23
嬋娟,23
慙,23
無窮,23
遙望,23
唾,23
帖,23
綿綿,23
愚,23
淑,23
類,23
顚,23
夜月,23
驪歌,23
置,23
曹,23
静,23
可惜,23
儔,23
螢,23
辟,23
玉人,23
乾坤,22
冰壺,22
人情,22
情緒,22
摩,22
埃,22
斧,22
陟,22
椒,22
貞,22
旨,22
碧空,22
江山,22
團扇,22
娉婷,22
慷慨,22
芳心,22
綱,22
設,22
昔年,22
敝,22
穠,22
女兒,22
瑟,22
寒月,22
霜雪,22
滋味,22
灘,22
甯,22
春陰,22
人意,22
摹,22
繩,22
裂,22
迸,22
擾,22
柳絲,22
耽,22
笳,22
閏,22
敵,22
茅屋,22
癖,22
割,22
誓,22
山水,22
頌,22
嬉,22
巵,22
亞,22
溫,22
轍,22
滌,22
唐,22
鳩,22
褪,22
藕,22
蘋,22
袍,22
握手,22
甕,22
湯,22
江湖,22
判,22
相依,21
豁,21
鑿,21
符,21
盞,21
無際,21
微雨,21
柱,21
幽香,21
翡翠,21
懷抱,21
粱,21
敬,21
芒,21
金釵,21
唯,21
申,21
箏,21
告,21
迷離,21
辜負,21
昨宵,21
世事,21
奔,21
蟠,21
周,21
思量,21
陽關,21
風霜,21
東皇,21
例,21
材,21
呢喃,21
須臾,21
回頭,21
囑,21
怡,21
礙,21
自古,21
瑤琴,21
餞,21
搔,21
作客,21
柝,21
牖,21
夭,21
轉瞬,21
盪,21
關河,21
滿地,21
攬,21
未知,21
濟,21
皎潔,21
玩,21
烹,21
北風,21
茂,21
梦,21
栖,21
縱橫,20
有意,20
澆,20
草草,20
契,20
搓,20
干戈,20
揚州,20
佐,20
砂,20
備,20
巾幗,20
麈,20
淚痕,20
中庭,20
樹影,20
仁,20
斟,20
鎮,20
溜,20
迴廊,20
屈指,20
溯,20
草色,20
飢,20
黯然,20
楊花,20
潑,20
星河,20
墀,20
愜,20
穴,20
尺書,20
塵埃,20
擕,20
匝,20
弦,20
男兒,20
泉臺,20
蒂,20
桃源,20
炬,20
權,20
玉骨,20
泠泠,20
炷,20
人事,20
別緒,20
圖畫,20
荻,20
軀,20
曰,20
涉,20
春夢,20
罩,20
挾,20
波濤,20
南國,20
戟,20
農,20
肝,20
色相,20
家鄉,20
十三,20
低徊,20
遊人,19
渴,19
雨聲,19
汗,19
家書,19
場,19
獨自,19
蛟龍,19
司,19
扶持,19
一生,19
渠,19
電,19
激,19
乏,19
縞,19
巒,19
功名,19
趙,19
芳魂,19
斷續,19
不惜,19
姓,19
璫,19
鵬,19
央,19
沸,19
惻,19
曲曲,19
兔,19
紅樓,19
眸,19
檄,19
勒,19
才華,19
哺,19
娥,19
利,19
幌,19
幾多,19
瀾,19
釭,19
掬,19
騷,19
撩,19
丈夫,19
彫,19
春草,19
玉漏,19
兆,19
藕花,19
塵世,19
不復,19
遽,19
無賴,19
艱,19
兒童,19
鵠,19
篙,19
愔愔,19
籟,19
一線,19
朔,19
蘼,19
俯仰,19
餌,19
婉,19
蟬聲,19
右,19
叩,19
犬,19
坡,18
柳色,18
賭,18
鱸,18
燈影,18
辛勤,18
畦,18
腥,18
闢,18
慢,18
嶽,18
從頭,18
縹緲,18
默,18
鍊,18
深情,18
鞍,18
菊花,18
歸舟,18
眼前,18
離騷,18
霓,18
氛,18
紅葉,18
鸞鏡,18
難得,18
弟妹,18
溪水,18
廟,18
華年,18
塲,18
隂,18
妻,18
彩筆,18
釋,18
人世,18
佳句,18
壤,18
料峭,18
梭,18
故里,18
韶,18
五月,18
恥,18
板橋,18
十五,18
陌上,18
沼,18
諳,18
流螢,18
偶然,18
衆,18
東海,18
細細,18
情懷,18
昔日,18
一行,18
楓林,18
烘,18
日日,18
霓裳,18
汀,18
寛,18
嶂,18
婆娑,18
暇,18
畢,18
樓閣,18
俊,18
揮毫,18
耿,18
鏤,18
配,18
葵,18
毋,18
愁人,18
蕭疎,18
恃,18
餳,18
道路,18
顫,17
天下,17
錦囊,17
愁緒,17
鋤,17
桐花,17
慈親,17
頃刻,17
淡淡,17
闌珊,17
低垂,17
雲霞,17
稼,17
襦,17
禱,17
窟,17
薤,17
歎息,17
自然,17
朝夕,17
虬,17
曲徑,17
寒風,17
秋光,17
韓,17
雉,17
訊,17
膽,17
宋,17
綽約,17
江頭,17
未必,17
孤舟,17
晚節,17
寡,17
伫,17
萎,17
咸,17
日暮,17
杼,17
浩,17
安排,17
肉,17
綠苔,17
歌舞,17
奴,17
債,17
賡,17
消瘦,17
想像,17
將軍,17
從來,17
薄暮,17
幽情,17
賤,17
伯,17
詩情,17
廣寒,17
陵,17
悶,17
駝,17
蟻,17
含笑,17
遠行,17
尚未,17
瑣,17
悄然,17
雨後,17
月光,17
幾人,17
職,17
蒼苔,17
雨露,17
莓,17
白雪,17
秋千,17
蜀山,17
超,17
化作,17
四面,17
艇,17
燄,17
一家,17
霸,17
夢裏,17
波光,17
無數,17
旛,17
櫛,17
器,16
玉樓,16
時序,16
擣,16
宫,16
相憐,16
九十,16
驚心,16
鏡臺,16
蒼生,16
翰墨,16
芳姿,16
笠,16
歛,16
血淚,16
鑄,16
額,16
丁香,16
焚,16
貂,16
鄉關,16
藍,16
假,16
吏,16
憾,16
輕盈,16
飄然,16
試問,16
模糊,16
陪,16
渺渺,16
祥,16
纜,16
桁,16
攪,16
彤,16
梧葉,16
枕邊,16
纏,16
馬蹏,16
隔年,16
不用,16
入夜,16
蠹,16
珠璣,16
忌,16
慈母,16
煙雨,16
蓴,16
寵,16
生死,16
睇,16
登高,16
窈窕,16
祠,16
夫壻,16
楊枝,16
空谷,16
行路,16
門外,16
風波,16
巷,16
菜,16
鬆,16
晶,16
荇,16
棘,16
深淺,16
悲歌,16
忝,16
水晶,16
手足,16
冥冥,16
殘照,16
唤,16
筒,16
重逢,16
涼意,16
殉,16
花間,16
押,16
梵,16
基,16
新秋,16
無心,16
烈,16
閨閣,16
異鄉,16
公子,16
不待,16
伶,16
朗,16
焦,16
卮,16
珠江,16
裠,16
蕭索,16
櫺,16
錦繡,16
萊,16
桂花,16
王孫,16
京華,16
長亭,15
逃,15
愈,15
輦,15
繾綣,15
貧賤,15
不易,15
留得,15
莖,15
輾轉,15
靣,15
分外,15
螿,15
九月,15
西山,15
寧,15
長江,15
劃,15
箴,15
倫,15
銖,15
賊,15
荏苒,15
遲暮,15
蓬山,15
罔,15
瀟灑,15
想見,15
恒,15
處士,15
搖曳,15
濁,15
匪,15
稽,15
襟懷,15
岑寂,15
喞喞,15
奈何,15
粒,15
蕤,15
禿,15
康,15
及時,15
冰霜,15
揮手,15
晤,15
蒼翠,15
雙親,15
頤,15
惜別,15
隻,15
徐,15
素娥,15
竈,15
古道,15
彩雲,15
懨懨,15
烽煙,15
團圓,15
僕,15
洒,15
轡,15
貼,15
潭,15
爛漫,15
岡,15
菰,15
柳條,15
放眼,15
茫,15
隅,15
空中,15
明日,15
中心,15
風雅,15
蕚,15
寂莫,15
水流,15
牡丹,15
虯,15
閃,15
壇,15
據,15
譁,15
腹,15
香車,15
隱約,15
中秋,15
碧海,15
銀屏,15
水晶簾,15
芳華,15
援,15
窄,15
炊煙,15
藹,15
憨,15
悅,15
鷓鴣,15
渺茫,15
抑,15
黯淡,15
秘,15
偃,15
濡,15
秋氣,15
島,15
栗,15
峰巒,15
棉,15
秋夜,15
咏,15
谿,15
劫,15
異地,15
酹,15
昭,15
眷,15
惺忪,15
價,14
松柏,14
慟,14
拓,14
覊,14
森森,14
相望,14
鳳凰,14
準,14
源,14
吳江,14
東西,14
雪花,14
空餘,14
狼,14
柔腸,14
覔,14
登臨,14
來往,14
扶桑,14
詩篇,14
厥,14
荼,14
遠道,14
暝色,14
䦨,14
脾,14
嚼,14
譽,14
造化,14
朱欄,14
大江,14
資,14
股,14
婉轉,14
微波,14
仙子,14
畧,14
芍藥,14
邁,14
家園,14
平原,14
灣,14
枝葉,14
江北,14
諧,14
藝,14
不平,14
檀,14
滿目,14
春秋,14
良宵,14
愁腸,14
賈,14
濱,14
饋,14
有情,14
叠,14
幢,14
夫婦,14
蔬,14
黯黯,14
文字,14
旌旗,14
晴空,14
一度,14
懼,14
積雪,14
晩,14
箕,14
山頭,14
庸,14
蝕,14
魯,14
皓月,14
悄悄,14
亟,14
錦瑟,14
不許,14
風聲,14
歷,14
裏,14
朅,14
四時,14
憑欄,14
飮,14
湏,14
膳,14
飛鳥,14
牽牛,14
成行,14
厲,14
翠竹,14
勾,14
酲,14
長夜,14
濛濛,14
鼙,14
長生,14
千萬,14
碧草,14
流光,14
天子,14
盧,14
客愁,14
搗,14
嗣,14
檣,14
荷花,14
哲,14
梅雨,14
瓊樓,14
析,14
雙眸,14
坤,14
鬱鬱,14
郤,14
阿兄,14
邇,14
虞,14
釵頭,14
家家,14
蔽,14
厨,14
甌,14
不住,14
嶙峋,14
須知,14
鵲橋,14
揖,14
鯨,14
四月,14
勳,14
桃葉,14
暮春,13
五十,13
喘,13
寓,13
新綠,13
櫓,13
篤,13
矢,13
旖旎,13
八月,13
風力,13
漆,13
灌,13
曾經,13
隊,13
苦心,13
柔情,13
黃泉,13
遠遊,13
驛路,13
冢,13
頰,13
巨,13
窻,13
糧,13
傲骨,13
維,13
塚,13
岩,13
化工,13
茹,13
世界,13
淚眼,13
籤,13
驥,13
棠,13
醅,13
江流,13
嫵,13
彈指,13
芝蘭,13
捷,13
穗,13
時候,13
葭,13
輕風,13
氤氳,13
江鄉,13
一身,13
賖,13
夜色,13
般,13
嚲,13
垂柳,13
龕,13
漬,13
颺,13
沉沉,13
舊事,13
幄,13
嗔,13
不解,13
妖,13
碧波,13
擔,13
東君,13
滿天,13
祀,13
嗤,13
自在,13
幽怨,13
茱萸,13
筆墨,13
風雲,13
個,13
相隨,13
究,13
昔時,13
百感,13
金谷,13
帽,13
蜜,13
聘,13
長途,13
寇,13
减,13
武陵,13
黃鸝,13
綫,13
廚,13
瑩,13
回憶,13
悲歡,13
鳥語,13
堞,13
燈花,13
虧,13
湘江,13
天意,13
鈞,13
院落,13
歲歲,13
薇,13
陸,13
秋意,13
荷葉,13
庾嶺,13
粥,13
縫,13
廡,13
嗚咽,13
無意,13
派,13
蛟,13
乞巧,13
薔薇,13
飾,13
瓊花,13
春花,13
指點,13
寮,13
嵌,13
麟,13
柴門,13
裊裊,13
舸,13
自由,13
揭,13
剝,12
玉鉤,12
倡,12
做,12
芳塵,12
一色,12
感慨,12
一陣,12
吾家,12
煙雲,12
長歌,12
寒梅,12
飆,12
獵,12
春蠶,12
儒,12
戚戚,12
茁,12
倩影,12
芰,12
繅,12
蓬蒿,12
綠陰,12
宦海,12
游子,12
花樣,12
苗,12
聚散,12
捉,12
可人,12
晦,12
野花,12
繙,12
木葉,12
從容,12
辯,12
秋天,12
十八,12
歸人,12
捫,12
璇,12
畫堂,12
棗,12
鹤,12
冷,12
消磨,12
竝,12
叔,12
中央,12
深夜,12
曙色,12
女子,12
水邊,12
希,12
茉莉,12
艶,12
籍,12
腔,12
馬蹄,12
相親,12
醫,12
雲影,12
熊,12
禍,12
姨,12
搏,12
醪,12
僊,12
餅,12
倉,12
秋月,12
詔,12
飛鴻,12
敘,12
夫婿,12
篩,12
萬物,12
突兀,12
嘹,12
琴瑟,12
脂粉,12
徽,12
净,12
十六,12
古寺,12
窩,12
香火,12
斤,12
隈,12
租,12
孔,12
炎涼,12
星星,12
平蕪,12
屋角,12
去歲,12
鋒,12
悼,12
晴天,12
戚,12
消受,12
拳,12
帙,12
世人,12
熒熒,12
虛心,12
薺,12
村落,12
淮,12
玉堂,12
悠然,12
徹夜,12
世間,12
楫,12
香氣,12
支持,12
溢,12
飛燕,12
制,12
西園,12
旭,12
省識,12
稚子,12
呌,12
秃,12
摶,12
鯉,12
併,12
秋花,12
慳,12
忽忽,12
識字,12
耐寒,12
俜,12
稍,12
牢,12
光芒,12
阿儂,12
逈,12
廿四,12
丹心,12
專,12
連日,12
閤,12
突,12
嫣紅,12
震,12
絹,12
曲折,12
春波,11
懐,11
創,11
海門,11
巓,11
炤,11
鼓角,11
蛙,11
藿,11
殘紅,11
落英,11
遑,11
紅顏,11
庾,11
烟波,11
孟,11
推敲,11
恣,11
飄渺,11
曇花,11
瓢,11
芷,11
征途,11
黃鶯,11
冰心,11
貝,11
喉,11
雲霄,11
憂患,11
謁,11
述,11
吊,11
矛,11
鵝,11
昏黃,11
未曾,11
朵朵,11
頑,11
榴,11
可堪,11
濤聲,11
陡,11
猛,11
收拾,11
蒹葭,11
蕩漾,11
示,11
香草,11
戎,11
金陵,11
長笛,11
書畫,11
芝,11
鄰家,11
上頭,11
孤帆,11
掣,11
鄉夢,11
諒,11
晝夜,11
儼,11
航,11
厄,11
四野,11
薜,11
臼,11
猷,11
寂靜,11
螢火,11
水面,11
六月,11
奇才,11
脉脉,11
黃沙,11
雁陣,11
红,11
颭,11
良辰,11
赢得,11
松花,11
霑,11
芳名,11
别離,11
連環,11
翠色,11
佳日,11
羽翼,11
淚珠,11
哀鴻,11
芳叢,11
箸,11
心緒,11
桑榆,11
饌,11
林梢,11
大地,11
紅杏,11
嫩綠,11
玉容,11
竊,11
凝眸,11
玻璃,11
君王,11
九泉,11
生涯,11
刺繡,11
敦,11
白玉,11
昇,11
明年,11
挈,11
碧雲,11
生計,11
蘭亭,11
綠波,11
深宵,11
花叢,11
邦,11
播,11
導,11
晚霞,11
祈,11
屏山,11
離離,11
壻,11
瞥,11
遵,11
春宵,11
銘,11
知已,11
國色,11
小橋,11
性情,11
名勝,11
剖,11
蒿,11
陋,11
同調,11
柴扉,11
鐸,11
簾幕,11
後人,11
亭臺,11
黃土,11
蒼涼,11
胸中,11
雙鯉,11
工夫,11
形影,11
詢,11
情癡,11
鷄,11
撒,11
簾幙,11
有聲,11
芙蕖,11
萬千,11
得意,11
芳訊,11
香塵,11
灼灼,11
簧,11
默默,11
十萬,11
絕世,11
介,11
紉,11
陣陣,11
名山,11
豎,11
山河,11
柳梢,11
盛衰,11
塵土,11
凶,11
風簾,11
竹枝,11
碌碌,11
山泉,11
和風,11
雲端,10
季子,10
玉顏,10
皴,10
鐺,10
馭,10
風色,10
驄,10
粤,10
一綫,10
深巷,10
徂,10
故山,10
瑤章,10
疉,10
酸辛,10
蠅,10
鳧,10
竹葉,10
乖,10
洞房,10
僅,10
鬧,10
磚,10
耦,10
東南,10
月底,10
迫,10
分離,10
科,10
台,10
生意,10
墓門,10
書生,10
膺,10
伍,10
木蘭,10
長征,10
緩緩,10
蔚,10
椎,10
犖,10
流傳,10
贮,10
零亂,10
豹,10
武夷,10
別樣,10
邯鄲,10
酒家,10
十四,10
皋,10
歲暮,10
蕖,10
野草,10
艾,10
崦,10
崩,10
柄,10
轂,10
龍門,10
四方,10
白楊,10
縣,10
顔,10
飄飄,10
欽,10
午夜,10
䦨干,10
侍女,10
產,10
昨日,10
儻,10
若何,10
心頭,10
閫,10
皮,10
賺,10
窠,10
朱門,10
游絲,10
棋局,10
朝霞,10
閒情,10
拏,10
凝望,10
郞,10
三五,10
唇,10
茜,10
子孫,10
郊,10
便是,10
殤,10
歸鴻,10
邑,10
躬,10
經營,10
繐,10
迂,10
伫立,10
何年,10
起來,10
舊日,10
少婦,10
撐,10
星斗,10
琅,10
烽,10
消寒,10
何由,10
柑,10
犢,10
盒,10
崎嶇,10
籜,10
葦,10
餘生,10
月黑,10
忠孝,10
鯉魚,10
擇,10
驢,10
葳,10
串,10
义,10
矮,10
不愧,10
佇,10
鮑,10
不畏,10
肝腸,10
髩,10
淪,10
煑,10
病魔,10
模,10
荆棘,10
料理,10
離别,10
縱使,10
峩峩,10
日夕,10
博得,10
矯,10
如意,10
甲子,10
羸,10
松風,10
欄桿,10
生前,10
相識,10
招魂,10
測,10
召,10
禦,10
慚愧,10
炭,10
人心,10
雙眉,10
七夕,10
仲,10
相聚,10
隨意,10
露珠,10
疊疊,10
潺潺,10
湘水,10
落暉,10
柳枝,10
屠,10
綸,10
瑤池,10
扣,10
孤城,10
隣,10
陰陽,10
面目,10
蒼穹,10
淒然,10
颯,10
去路,10
寒鴉,10
玉階,10
百歲,10
霹靂,10
紅燈,10
夜臺,10
菡,10
納,10
松濤,10
芳徑,10
高下,10
迎風,10
近來,10
無緣,10
翠羽,10
金針,10
洪,10
爽氣,10
哀樂,10
女貞,10
碧玉,10
熳,10
桐葉,10
中年,10
涓涓,10
祭,10
焰,10
深秋,10
嗜,10
井梧,10
淡月,10
徨,10
興亡,10
窗下,10
俎,10
夜半,10
幽恨,10
魏,10
昌,10
泰,10
嫋嫋,10
臉,10
殷殷,10
心力,10
優,9
軿,9
狀,9
私語,9
癡心,9
石徑,9
惘然,9
來去,9
純,9
夫子,9
蟄,9
綠萼,9
蛛網,9
堕,9
冷風,9
故舊,9
庚,9
爺,9
摧殘,9
綢,9
澎湃,9
香風,9
姓名,9
交情,9
賽,9
賦詩,9
謹,9
名士,9
冷淡,9
瓊英,9
長年,9
腴,9
讐,9
微茫,9
靈均,9
躋,9
生平,9
宜人,9
療,9
浮名,9
錢塘,9
西施,9
圖書,9
錦城,9
何不,9
春陽,9
瘁,9
兹,9
莊,9
笛聲,9
溪邊,9
俗塵,9
帚,9
踟蹰,9
踰,9
瘴,9
詰,9
罄,9
槁,9
榛,9
茸,9
琖,9
蘊,9
泉下,9
行蹤,9
簇簇,9
暑氣,9
預,9
琅玕,9
孃,9
幡,9
女郎,9
携,9
全家,9
浩渺,9
紛紜,9
閉關,9
緗,9
星光,9
鴿,9
蚓,9
仄,9
寸草,9
玳瑁,9
泡影,9
竭,9
矚,9
眷戀,9
殘年,9
蒜,9
香影,9
讌,9
花花,9
坏,9
大義,9
嚴霜,9
詳,9
滿眼,9
轆轤,9
廣陵,9
蛺蝶,9
譬,9
腻,9
托,9
洛,9
昧,9
䇿,9
踪,9
自愛,9
頒,9
蓮子,9
歘,9
膽瓶,9
栽培,9
倏忽,9
事事,9
充,9
奕,9
課子,9
炙,9
鞦韆,9
曜,9
脈,9
畹,9
款,9
位置,9
寒衣,9
黔,9
奇峰,9
湍,9
終歲,9
爐火,9
爆竹,9
曈,9
南朝,9
脯,9
門楣,9
察,9
晴霞,9
帬,9
得失,9
毀,9
恍惚,9
鬓,9
郎君,9
倒影,9
撇,9
鬪,9
流連,9
商量,9
斜日,9
冷落,9
晞,9
玉簫,9
笑靨,9
樂事,9
燈光,9
神女,9
漱,9
綠意,9
堵,9
拭,9
篝,9
鞠,9
霰,9
粉蝶,9
雨雨,9
新詞,9
醜,9
吟詩,9
泠,9
此行,9
吸,9
啣,9
四圍,9
栩栩,9
天工,9
綢繆,9
書樓,9
撚,9
閙,9
眩,9
聆,9
籃,9
攜手,9
嶺南,9
蟹,9
苕,9
風濤,9
粵,9
叉,9
結伴,9
州,9
瓊漿,9
太平,9
寥落,9
殘花,9
一月,9
躅,9
霖,9
晏,9
下風,9
涕淚,9
窮途,9
淪落,9
啾啾,9
旭日,9
大雅,9
鷪,9
屏風,9
漫天,9
倐,9
猊,9
克,9
錦江,9
爇,9
訛,9
艱辛,9
荃,9
嬌兒,9
層層,9
潦倒,9
嘴,9
岐,9
油,9
喃喃,9
羅袖,9
此後,9
苞,9
羣峰,9
蜃,9
腰肢,9
啖,9
宮闕,9
風帆,9
無期,9
比鄰,9
巫,9
匡,9
掀,9
怊,9
瀑布,9
屆,9
秋聲,9
飛來,9
芙,9
銀燭,9
一瞬,9
光明,9
滚滚,9
弄影,9
仔細,9
寒窗,9
紅妝,9
西子,9
矗,9
俄,9
長隄,9
蔗,9
酒杯,9
粲,9
控,9
問津,9
眼界,9
浩浩,9
小徑,8
蹤跡,8
胥,8
斯人,8
餘音,8
參軍,8
避暑,8
晨昏,8
朝日,8
彌留,8
紅日,8
雲烟,8
虔,8
鶩,8
怪石,8
燦爛,8
榆錢,8
聰,8
鳥聲,8
緇,8
錄,8
閩南,8
此心,8
才子,8
掩暎,8
合歡,8
辱,8
髓,8
當頭,8
仿佛,8
錐,8
菽,8
腦,8
鼻,8
摩挲,8
勵,8
低頭,8
絮語,8
投筆,8
山林,8
月夜,8
芻,8
盜,8
罥,8
脆,8
悠揚,8
銀燈,8
荼蘼,8
革,8
諫,8
蜀道,8
邈,8
玉宇,8
多謝,8
雁書,8
驀,8
書卷,8
北堂,8
相送,8
汀洲,8
婀娜,8
管絃,8
光輝,8
掉,8
風度,8
曙光,8
不意,8
風煙,8
歡樂,8
蕭寺,8
爨,8
褓,8
苓,8
旱,8
世情,8
何意,8
荳蔻,8
蕭騷,8
疴,8
沈吟,8
□,8
天公,8
閟,8
喞,8
韞,8
還鄉,8
疲,8
罡風,8
柳綠,8
涸,8
阿翁,8
繹,8
葆,8
艸,8
企,8
妙手,8
供養,8
冷暖,8
䏃,8
客心,8
話別,8
伉儷,8
長天,8
燃,8
山家,8
靖,8
原野,8
隨處,8
折柳,8
六十,8
朝朝,8
潘,8
莽,8
胡蝶,8
等閒,8
凄涼,8
紫燕,8
臆,8
雲煙,8
羅裙,8
勅,8
綾,8
無盡,8
夕暉,8
循環,8
上堂,8
匿,8
武林,8
荒涼,8
雄心,8
脊,8
寥寥,8
刪,8
新樣,8
琳,8
稚,8
韻事,8
鄉心,8
妝臺,8
族,8
襄,8
柏葉,8
雨花,8
水仙,8
本色,8
花草,8
海棠花,8
偈,8
故土,8
本來,8
闥,8
蹄,8
鳳城,8
多時,8
姜,8
踞,8
迎春,8
挺,8
伐,8
小樓,8
風骨,8
舲,8
穹,8
東方,8
洛陽,8
肆,8
明星,8
黨,8
睽,8
玉盤,8
蠟炬,8
釧,8
籲,8
芊芊,8
還有,8
香茗,8
勝地,8
嚴寒,8
揀,8
蹈,8
盥,8
狐,8
翩然,8
引領,8
波瀾,8
奢,8
曝,8
溝,8
炫,8
泫,8
沓,8
素質,8
姝,8
校,8
好夢,8
未來,8
領略,8
喚醒,8
偎,8
悤悤,8
数,8
氤氲,8
垂垂,8
門户,8
年時,8
西北,8
儉,8
軋軋,8
男子,8
萬象,8
西堂,8
春日,8
綆,8
寳,8
離心,8
肝膽,8
櫻桃,8
柳花,8
天性,8
暮靄,8
遊絲,8
倾,8
楸,8
菲,8
南華,8
追憶,8
欠,8
萬籟,8
荻花,8
鷁,8
荒山,8
冷豔,8
椀,8
妨,8
山路,8
爵,8
心性,8
啞,8
銀牀,8
連天,8
子規,8
江邊,8
簫聲,8
蜩,8
怒濤,8
一半,8
胃,8
莪,8
圭,8
瀲灩,8
琥珀,8
曡,8
潄,8
塗鴉,8
相顧,8
浩然,8
兄弟,8
俛,8
瀑,8
笥,8
蹰,8
涎,8
煩惱,8
堂堂,8
繋,8
刁,8
劬,8
攻,8
患難,8
浮萍,8
波影,8
兩鬢,8
刖,8
髯,8
翦燭,8
暢,8
長虹,8
氊,8
牕前,8
石榴,8
落空,8
寫生,8
支離,8
肌膚,8
鵲噪,8
香花,8
涇,8
無色,8
混,8
竹林,8
脚,8
飼,8
四十,8
但願,8
何當,8
總是,8
遺恨,8
纓,8
萬壑,8
歡笑,8
華表,8
寒氣,8
頻年,8
懸崖,8
晷,8
翦翦,8
隔斷,8
忘却,8
羌笛,8
鄭重,8
狎,8
甥,8
難忘,8
鷹,8
填,8
轅,7
滿身,7
新紅,7
皖,7
鄉國,7
邊城,7
諷,7
阿爺,7
組,7
親心,7
罅,7
歌喉,7
日夜,7
九秋,7
碧水,7
騷人,7
林木,7
猗,7
悉,7
針線,7
貫,7
闗,7
昏昏,7
磧,7
蹲,7
甜,7
滾滾,7
計程,7
古香,7
波紋,7
鐘山,7
瞋,7
駭,7
借問,7
烏絲,7
塊,7
少陵,7
蜂蝶,7
此意,7
櫻,7
明霞,7
恙,7
側身,7
盃,7
上樓,7
東鄰,7
跋,7
漢宮,7
石頭,7
璞,7
無瑕,7
讖,7
樹枝,7
醇,7
硯池,7
喪,7
風沙,7
絕妙,7
桂樹,7
閨房,7
輕紗,7
釜,7
瀆,7
相隔,7
討,7
幽芳,7
敍,7
襁褓,7
車輪,7
太行,7
城市,7
鄭,7
踟,7
裡,7
媛,7
夢魂,7
條條,7
仿彿,7
駛,7
尸,7
萃,7
耒,7
蕪城,7
節序,7
浩劫,7
潺,7
吳越,7
餓,7
講,7
君臣,7
琳瑯,7
歉,7
暌,7
嵯峨,7
春天,7
靜坐,7
迥廊,7
婪,7
憂思,7
世外,7
筑,7
暾,7
開門,7
倉山,7
兒孫,7
娣,7
賀,7
杉,7
欄杆,7
秋期,7
謬,7
天女,7
雪天,7
融融,7
萬事,7
今人,7
古井,7
汁,7
蟠桃,7
春意,7
菱花,7
西泠,7
廵,7
螭,7
江上,7
蜑,7
殘山,7
好事,7
懒,7
釀成,7
花氣,7
鴟,7
衢,7
雨點,7
舊年,7
撤,7
隕,7
有限,7
不斷,7
花鳥,7
桐陰,7
豔陽,7
寒香,7
美酒,7
蘂,7
長堤,7
重門,7
翱翔,7
飛蓬,7
心肝,7
名家,7
嬌小,7
儲,7
繽紛,7
腰圍,7
楮,7
波浪,7
喻,7
海水,7
庶,7
憂心,7
災,7
良人,7
牧,7
黙,7
燭影,7
鎔,7
肖,7
璈,7
憤,7
寒暑,7
欷,7
揮灑,7
三生,7
煙霧,7
洄,7
化石,7
血痕,7
秧,7
廛,7
未免,7
懷中,7
誄,7
擕手,7
范,7
粼粼,7
淩波,7
麋鹿,7
白鶴,7
幟,7
怳,7
獺,7
簷前,7
縠,7
著述,7
杜陵,7
渡江,7
涴,7
秋後,7
心願,7
前生,7
澁,7
装,7
衍,7
當初,7
榮辱,7
瞳,7
驕陽,7
禊,7
新年,7
輕薄,7
天天,7
嚥,7
馥,7
今生,7
看來,7
蘅,7
旅夢,7
入夢,7
瞰,7
壞,7
今昔,7
一代,7
出入,7
纒,7
懽,7
何方,7
前路,7
蛛絲,7
拂拭,7
隆隆,7
淸明,7
從前,7
増,7
籐,7
痛心,7
事業,7
方寸,7
報道,7
飛過,7
汎,7
昂,7
碧紗窗,7
煙月,7
瑕,7
鹊,7
螯,7
孤魂,7
瓜果,7
郁,7
浣紗,7
過去,7
匠,7
處世,7
掇,7
巫山,7
連雲,7
抔,7
問訊,7
綬,7
橫空,7
浙,7
煙花,7
漣漪,7
付與,7
彥,7
靚,7
天月,7
仞,7
洽,7
稜稜,7
孤雁,7
享,7
遠近,7
相伴,7
領畧,7
生長,7
叱,7
閬苑,7
湘波,7
粘,7
萬頃,7
落魄,7
紙窗,7
因緣,7
蕭森,7
姹,7
偶爾,7
平分,7
雲氣,7
甘雨,7
磁,7
蓄,7
蛻,7
崑崙,7
牛衣,7
麓,7
棠棣,7
靉靆,7
丹桂,7
牢騷,7
磯,7
杏子,7
思鄉,7
驅車,7
迓,7
螢光,7
嗚呼,7
巫峽,7
上海,7
初日,7
傳神,7
心血,7
亮,7
淡泊,7
冰花,7
懊惱,7
憐惜,7
地下,7
溪流,7
鬚眉,7
欵,7
深閨,7
報國,7
前塵,7
一刻,7
遁,7
棟,7
周旋,7
温柔,7
荔,7
巍然,7
嘔,7
苟,7
池水,7
傑,7
径,7
羅幃,7
豚,7
痩,7
斑斑,7
忒,7
玫瑰,7
風寒,7
父老,7
鉦,7
抑鬱,7
明歲,7
緬,7
行樂,7
凹,7
再生,7
謙,7
患,7
繁花,7
棱,7
八千,7
飘,7
落落,7
淅淅,7
兒時,7
翺翔,7
扶疎,7
漠,7
衣襟,7
牆角,7
耽吟,7
糟,7
邪,7
羃,7
攺,7
灞橋,7
精靈,7
遐思,7
孀,7
樸,7
毓,7
多半,7
冪,7
躍,7
鱗鴻,7
歸途,7
亘,7
前緣,6
東閣,6
翻新,6
凄凉,6
聒,6
轤,6
蝸,6
平野,6
隨時,6
寒夜,6
迴腸,6
父母,6
孤忠,6
下樓,6
明媚,6
西江,6
九曲,6
性靈,6
飛飛,6
畫梁,6
眉宇,6
來日,6
畫稿,6
㡡,6
湖山,6
辛勞,6
哽,6
茸茸,6
旅館,6
幾千,6
珪,6
玉鈎,6
後來,6
寒光,6
閥,6
淅瀝,6
文星,6
寒雨,6
神往,6
紳,6
蔥,6
天台,6
消遣,6
碧桃,6
顆顆,6
耗,6
侮,6
咄,6
撒手,6
朝陽,6
熒,6
芳辰,6
塞北,6
悲涼,6
煤,6
榕城,6
濃雲,6
姒,6
徜徉,6
窣,6
含淚,6
貰,6
病態,6
滿腔,6
門生,6
黃雲,6
仙侶,6
落筆,6
櫬,6
豫,6
不支,6
酡,6
堠,6
簌簌,6
茍,6
名利,6
蒼天,6
客船,6
浪花,6
凋零,6
厯盡,6
葡萄,6
秫,6
屏障,6
朝天,6
鑾,6
雲母,6
詞賦,6
泮,6
梢頭,6
補綴,6
名媛,6
良材,6
小艇,6
虀鹽,6
正氣,6
綺寮,6
媳,6
漉,6
怙,6
幼年,6
大道,6
縵,6
絆,6
客途,6
嫣,6
嬌紅,6
枒,6
尉,6
撾,6
一隅,6
今歲,6
志士,6
虛空,6
惱人,6
朋,6
幽懷,6
松竹,6
甘苦,6
倪,6
羅幕,6
飴,6
滿腹,6
四德,6
家室,6
情欲,6
柘,6
琶,6
榆,6
小別,6
不明,6
悴,6
魂魄,6
魚鱗,6
積雨,6
區區,6
後生,6
儕,6
碧池,6
肘,6
恢,6
沙鷗,6
瓊樓玉宇,6
幾何,6
軺,6
榦,6
仕,6
酷,6
不休,6
釅,6
重疊,6
譏,6
呼天,6
指揮,6
笏,6
膠,6
煙籠,6
團團,6
論文,6
羯,6
嫵媚,6
姹紫,6
綠葉,6
黃梁,6
罏,6
九天,6
斜月,6
幽思,6
捨,6
玄,6
皖江,6
椒花,6
珠光,6
盌,6
喬木,6
獨占,6
蔡,6
泡,6
抗,6
橋頭,6
一派,6
長相,6
洞庭,6
樂府,6
磊落,6
滞,6
蕨,6
隋,6
偪,6
鼇,6
相與,6
崢嶸,6
水榭,6
蘭花,6
太守,6
滄溟,6
確,6
佳辰,6
半夜,6
鸿,6
彷徨,6
諾,6
瘠,6
憩,6
牀頭,6
傀儡,6
拘,6
南雁,6
寫照,6
塵寰,6
樓上,6
斕斑,6
辛酸,6
喔喔,6
檝,6
飛瀑,6
花意,6
臭味,6
趺,6
救,6
誡,6
華堂,6
舊業,6
輾,6
孕,6
少女,6
上鉤,6
先人,6
春燈,6
喚起,6
叶,6
兀兀,6
弧,6
一味,6
成人,6
牌,6
離家,6
庭前,6
寒宵,6
斬,6
胡兒,6
月下,6
長城,6
清,6
一方,6
趂,6
咎,6
燈前,6
濃淡,6
伯仲,6
粉黛,6
齧,6
曷,6
咨,6
溷,6
歸路,6
野渡,6
火珠,6
詩卷,6
漁舟,6
陽影,6
桑梓,6
弟子,6
木棉,6
十九,6
變化,6
卦,6
嚴冬,6
旆,6
花房,6
茅茨,6
糊,6
下筆,6
山腰,6
人力,6
嫋,6
不獨,6
早晚,6
水空,6
渡口,6
天倫,6
郡,6
花生,6
財,6
尋思,6
端陽,6
羅浮,6
想到,6
離緒,6
遠空,6
睹,6
越王,6
繆,6
曬,6
佳期,6
小妹,6
錯落,6
謠,6
悽然,6
淩空,6
黽,6
紡,6
登山,6
霖雨,6
昭陽,6
光景,6
藐,6
淙淙,6
灌溉,6
入門,6
餉,6
鉢,6
傾心,6
笋,6
風韻,6
羽衣,6
古柏,6
江東,6
氣候,6
嬴,6
檀心,6
煥,6
弟兄,6
宸,6
梓,6
散步,6
盛名,6
臨別,6
洞門,6
噉,6
田園,6
石城,6
攝,6
煢煢,6
躊躇,6
橙,6
何期,6
深山,6
舟車,6
破曉,6
禪心,6
菖蒲,6
幛,6
綵筆,6
決,6
棚,6
經年,6
贊,6
嫗,6
需,6
軌,6
布衣,6
蒼龍,6
凰,6
寸心,6
古來,6
名臣,6
迍,6
乘興,6
舷,6
紅粉,6
沈檀,6
東山,6
送行,6
霜月,6
思親,6
有心,6
臺上,6
貢,6
塞外,6
愆,6
藥爐,6
登臺,6
遄,6
歸程,6
留影,6
豪華,6
有期,6
低壓,6
帘,6
訉,6
瑤華,6
邊塞,6
僵,6
訟,6
變遷,6
戢,6
壯志,6
彷彿,6
斟酌,6
鍼綫,6
零星,6
園中,6
品茗,6
檀郎,6
泖,6
絕代,6
水花,6
佯,6
湲,6
呱呱,6
夙願,6
玕,6
東華,6
月初,6
奚奴,6
錦衣,6
轣轆,6
煢,6
來生,6
無知,6
樞,6
鬼神,6
小阮,6
瑤瑟,6
天山,6
幽衷,6
畫闌,6
鶺鴒,6
過半,6
黃菊,6
傳聞,6
鸞鳳,6
陰雲,6
羊城,6
神靈,6
蛛,6
鹹,6
初春,6
着意,6
有待,6
愁雲,6
過客,6
奔走,6
難免,6
枯樹,6
家事,6
丹鳳,6
奄,6
犯,6
窈,6
春遊,6
惟恐,6
存亡,6
瓏,6
侣,6
豈不,6
諦,6
遏,6
靑溪,6
趾,6
甃,6
韜,6
弩,6
淅,6
寰,6
悮,6
搦,6
山麓,6
縱横,6
暮年,6
吮,6
陳跡,6
蕨薇,6
吳山,6
俯視,6
家風,6
窗紙,6
莊嚴,6
暮秋,6
開花,6
幽寂,6
賃,6
旒,6
烟雲,6
同盟,6
梯,6
霞光,6
躊,6
苔蘚,6
篠,6
紛飛,6
泗,6
高峰,6
遨遊,6
殘篇,6
豪門,6
晨星,6
荔枝,6
連理,6
晓,6
陳迹,6
綠水,6
决,6
活潑,6
鳳子,6
無私,6
上方,6
家庭,6
水中,6
余生,6
落寞,6
玉臺,6
衿,6
葱,6
海潮,6
秣陵,6
家山,6
白晝,6
懍,5
壹,5
窥,5
緲,5
凛,5
暮色,5
天命,5
逍遙,5
犬吠,5
彝,5
日出,5
宇宙,5
蹏,5
海外,5
生日,5
暮天,5
不堪回首,5
疎雨,5
東郊,5
高歌,5
煨,5
榾柮,5
豆花,5
鄉里,5
犁,5
狗,5
赤帝,5
汨,5
溥,5
世上,5
紅樹,5
山花,5
兀自,5
罡,5
滔滔,5
無比,5
咿,5
頓覺,5
宮殿,5
水聲,5
辤,5
羅衫,5
娃,5
經卷,5
吐絲,5
莽莽,5
軽,5
罍,5
芳情,5
痼,5
藁,5
花木,5
逮,5
甘棠,5
甍,5
槃,5
縱然,5
明夜,5
閃爍,5
差池,5
寄情,5
晚秋,5
疎密,5
雞聲,5
銀漢,5
嬉戲,5
旅客,5
陋室,5
衡陽,5
盎,5
曦,5
僮,5
詩壇,5
捎,5
影團,5
貲,5
蘐,5
湖上,5
自持,5
故宮,5
萬金,5
妖嬈,5
心跡,5
榕,5
暫停,5
胸臆,5
箇中,5
王氣,5
伶仃,5
癯,5
扵,5
瑣屑,5
本性,5
盛年,5
姑蘇,5
書燈,5
行行,5
香囊,5
從軍,5
知心,5
風物,5
梅梢,5
倣,5
殫,5
傳語,5
潮汐,5
花徑,5
精誠,5
迎來,5
陷,5
解脫,5
晨鐘,5
統,5
茫然,5
風情,5
羶,5
樹梢,5
襪,5
靑萍,5
追陪,5
蜻蜓,5
嫓,5
異域,5
阨,5
白帝城,5
参差,5
核,5
銀花,5
潦,5
悽愴,5
舠,5
竒,5
愛惜,5
只恐,5
滕王,5
杭,5
異日,5
羁,5
爍,5
出山,5
老母,5
順,5
無益,5
恤,5
垢,5
流離,5
奸,5
盗,5
是非,5
壯士,5
雖然,5
客路,5
蒼松,5
涼雨,5
碧霄,5
凄凄,5
絨,5
贫,5
丹荔,5
纛,5
誤認,5
圓月,5
碧苔,5
洶洶,5
旃,5
仙骨,5
同時,5
駿,5
眷屬,5
凄然,5
邅,5
誕,5
濵,5
何湏,5
燐,5
天機,5
柔順,5
阿姊,5
胡笳,5
幻夢,5
咒,5
沙渚,5
眼看,5
衫子,5
贅,5
綉,5
卯,5
姹紫嫣紅,5
狼籍,5
萌,5
曉霜,5
渭陽,5
彭,5
妃子,5
北斗,5
幽泉,5
歡喜,5
斗牛,5
記取,5
深紅,5
虜,5
遠征,5
褵,5
萋,5
高山,5
僞,5
無用,5
立志,5
中原,5
聖賢,5
含情,5
蕭颯,5
斗室,5
不息,5
晶瑩,5
饑寒,5
玉局,5
燕關,5
親戚,5
戛,5
燕市,5
宻,5
高士,5
攄,5
柳葉,5
攏,5
行裝,5
囘頭,5
裊娜,5
深沈,5
嫣然,5
葱蘢,5
高岡,5
捻,5
文人,5
域,5
跋涉,5
杞,5
絶代,5
勇,5
分付,5
侍兒,5
遺跡,5
古琴,5
協,5
低吟,5
河山,5
織女,5
夢幻,5
綺羅,5
人跡,5
算是,5
橘,5
兄妹,5
蟬鳴,5
爐香,5
重泉,5
影照,5
高處,5
簾旌,5
遺像,5
三九,5
呼吸,5
淒楚,5
註,5
滕,5
浩刼,5
紫玉,5
芳意,5
藴,5
自信,5
畫工,5
嗽,5
寤,5
遼,5
十月,5
驚醒,5
成立,5
害,5
朽,5
糜,5
痍,5
黎,5
宛然,5
驀地,5
阿弟,5
闔,5
竄,5
蠏,5
琚,5
淘,5
奔騰,5
雨絲,5
庭中,5
烏鵲,5
君家,5
記憶,5
艷陽,5
悲鳴,5
蓼花,5
千般,5
刼後,5
捷報,5
頑石,5
摇曳,5
母子,5
培植,5
攙,5
煌,5
劃破,5
重聚,5
餘光,5
送別,5
庇,5
行李,5
風雷,5
公卿,5
靜夜,5
太陽,5
入世,5
飄忽,5
繁星,5
勁節,5
入秋,5
雲陰,5
觀音,5
今春,5
蓼莪,5
鯤,5
删,5
琴聲,5
書牕,5
朝曦,5
羽毛,5
慽慽,5
故事,5
風風,5
無須,5
人面,5
袅,5
雲霧,5
杓,5
司馬,5
霎時,5
湮,5
終年,5
昏鴉,5
置身,5
學術,5
飇,5
苦吟,5
天眞,5
霜花,5
意氣,5
桓,5
颸,5
星辰,5
悲愁,5
寒山,5
馨香,5
湄,5
才名,5
顦顇,5
葳蕤,5
維摩,5
筝,5
佳話,5
隔世,5
鑽,5
仙家,5
春夜,5
蛙聲,5
冰綃,5
學業,5
手中,5
寒潮,5
五百,5
聽到,5
蓬瀛,5
瀝,5
辭家,5
慰藉,5
夢寐,5
光祿,5
丹靑,5
秋山,5
歐,5
曇,5
覯,5
長廊,5
熱心,5
麻姑,5
梵宮,5
終天,5
安樂,5
聾,5
春晝,5
巍巍,5
勺,5
婺,5
緋,5
浮世,5
苦雨,5
眼中,5
頴,5
董,5
逶迤,5
扄,5
督,5
寶劍,5
飛騰,5
中郎,5
無由,5
屧,5
七月,5
因循,5
隨手,5
主持,5
慧業,5
孤篷,5
稔,5
墨汁,5
馥郁,5
曝衣,5
影度,5
留待,5
全身,5
甬,5
狼藉,5
蠣,5
湖水,5
紙錢,5
遠市,5
暴,5
素秋,5
赤城,5
近海,5
耶非,5
澗水,5
寒雲,5
骸,5
不安,5
菱角,5
叟,5
刧,5
未遂,5
俸,5
圯,5
斲,5
靈光,5
結束,5
客舍,5
棃花,5
笻,5
𠷣,5
不顧,5
蓞,5
酴醾,5
絲竹,5
勝負,5
西池,5
係,5
長春,5
醞,5
頻頻,5
開卷,5
十七,5
月輪,5
海隅,5
花市,5
家門,5
成名,5
安穩,5
山城,5
晨夕,5
滿懷,5
洋洋,5
掌中,5
潜,5
瓊瑤,5
瀹,5
何物,5
驚濤,5
前日,5
雕蟲,5
紅蕉,5
責,5
滇,5
慈愛,5
高燒,5
盻,5
四海,5
腐,5
輔,5
消夏,5
鍾聲,5
傾倒,5
苦思,5
歡娛,5
宜春,5
滂沱,5
慘淡,5
南樓,5
癡情,5
撑,5
闐,5
瘞,5
垠,5
悰,5
儒林,5
鳶,5
農家,5
山谷,5
街頭,5
薛濤,5
梁燕,5
花蕊,5
紅暈,5
歡聚,5
重復,5
蔔,5
枝枝,5
屺,5
級,5
燕山,5
轆,5
鮫,5
泬,5
短長,5
蠶絲,5
韭,5
様,5
半日,5
三伏,5
進退,5
歔,5
淺白,5
結搆,5
新寒,5
滄江,5
紅粧,5
華陽,5
漁笛,5
出塞,5
歲時,5
𤃉,5
黑白,5
遠峰,5
餘寒,5
韋,5
佳景,5
蓮葉,5
殘雪,5
蛺,5
蓮塘,5
虛名,5
小雨,5
護持,5
蓉,5
樗,5
風懷,5
荷風,5
海波,5
玻瓈,5
寒煙,5
錦茵,5
風信,5
畜,5
夢中,5
花箋,5
芊綿,5
風華,5
薑,5
緖,5
菩提,5
徐熙,5
窓,5
宮女,5
殼,5
徬徨,5
金樽,5
港,5
翩躚,5
分得,5
江天,5
墨花,5
南園,5
曩,5
伯鸞,5
荑,5
親手,5
櫪,5
瞬,5
漁父,5
採茶,5
羣山,5
生怕,5
寫韻,5
雋,5
情話,5
貴賤,5
纍纍,5
小兒,5
湖邊,5
洵,5
江海,5
旐,5
噩夢,5
坎坷,5
斫,5
外家,5
代謝,5
爱,5
污,5
危樓,5
馬頭,5
鳳雛,5
空際,5
水墨,5
舵,5
槭,5
姜女,5
大厦,5
不識,5
盤桓,5
包,5
瀟,5
鑰,5
茅店,5
荒蕪,5
禹,5
橐,5
酪,5
噫,5
花香,5
枰,5
稜,5
鋏,5
雍容,5
弛,5
金粉,5
帝子,5
華燭,5
城頭,5
仙鶴,5
涌,5
訃,5
筯,5
笳鼓,5
藤蘿,5
琪,5
姸,5
証,5
鬻,5
紅霞,5
孤松,5
厯厯,5
灼,5
茗椀,5
約畧,5
上層,5
江河,5
新竹,5
長短,5
蒲團,5
淸泉,5
菩薩,5
作詩,5
未諳,4
鼓聲,4
月白,4
同胞,4
短笛,4
竽,4
雍,4
嚴城,4
烟霞,4
日落,4
志願,4
心地,4
聖人,4
天道,4
雲浮,4
多日,4
鞠躬,4
潸然,4
靈丹,4
甘旨,4
空堂,4
簪纓,4
星期,4
面面,4
工巧,4
北山,4
中路,4
塵緣,4
阿孃,4
佳名,4
知名,4
孱,4
冷煖,4
子弟,4
荒草,4
濟世,4
金碧,4
豪傑,4
村舍,4
薄薄,4
廻合,4
花溪,4
温存,4
達觀,4
長歎,4
淚花,4
漢苑,4
鬢髮,4
箜篌,4
夢見,4
罇,4
林泉,4
風勢,4
壁上,4
蹁躚,4
婆,4
橫行,4
名譽,4
感傷,4
鬢眉,4
蟾蜍,4
雨珠,4
神工,4
何其,4
伯叔,4
杭州,4
迤邐,4
生存,4
宣和,4
留名,4
僊人,4
腐草,4
田家,4
愁容,4
滴滴,4
第三,4
梁上燕,4
橋邊,4
骨相,4
雲屏,4
遺風,4
北海,4
妝點,4
洛神,4
淸輝,4
靑雲,4
聞道,4
孤檠,4
龍孫,4
竹馬,4
餘香,4
緬懷,4
舊跡,4
將帥,4
石泉,4
寒天,4
閒步,4
氣味,4
風格,4
應有,4
鸣,4
斷送,4
風尚,4
四顧,4
飛舞,4
閨闥,4
黃河,4
謀生,4
廬山,4
春游,4
山徑,4
先知,4
貍奴,4
屈曲,4
寒冷,4
可憐蟲,4
晨光,4
弱息,4
紫荆,4
悲喜,4
連江,4
寒聲,4
消除,4
寶馬,4
遠方,4
二更,4
瑣瑣,4
下方,4
吹動,4
放晴,4
陶然,4
絕頂,4
船頭,4
激昂,4
隠,4
三從,4
豔情,4
泛泛,4
橫笛,4
忠魂,4
龍頭,4
流蘇,4
元音,4
太淸,4
凶耗,4
土木,4
鵞黃,4
勝遊,4
戰場,4
炊烟,4
碑文,4
故枝,4
燕尾,4
碧煙,4
袁安,4
怦怦,4
琳琅,4
人迹,4
小小,4
眉峰,4
世態,4
白骨,4
不盈,4
颼颼,4
風利,4
羌,4
初夏,4
穆,4
雕欄,4
早年,4
小女,4
淒迷,4
疎桐,4
半點,4
電影,4
動人,4
並肩,4
春江,4
美人家,4
靜日,4
花冠,4
作伴,4
高高,4
秦皇,4
來自,4
嬌姿,4
棲息,4
羗笛,4
女士,4
游興,4
爰,4
夜景,4
殘葉,4
嘵,4
雪後,4
早歲,4
隔窗,4
頭角,4
瘡,4
游人,4
家聲,4
三峽,4
彩鸞,4
小春,4
傷懷,4
七十,4
呻吟,4
滄浪,4
十日,4
幽谷,4
胡麻,4
溪山,4
罘罳,4
漁艇,4
準備,4
竹木,4
夢鄉,4
四更,4
銅雀,4
橫塘,4
大於,4
遼陽,4
倒映,4
丹楓,4
遠望,4
晴峰,4
鶯聲,4
吟咏,4
失意,4
涼波,4
楚尾,4
草蟲,4
金屋,4
荊棘,4
從今,4
霏微,4
靑絲,4
幽篁,4
無涯,4
江村,4
淑氣,4
迷濛,4
雨滴,4
綱常,4
身心,4
微月,4
不朽,4
洛浦,4
祇有,4
苜蓿,4
遐想,4
蘋蘩,4
桃花潭,4
蒓,4
生氣,4
乙乙,4
夢樓,4
下來,4
孤負,4
誅,4
翥,4
宋玉,4
采得,4
紅桃,4
喜氣,4
王郎,4
牟尼,4
報春,4
吳苑,4
綺霞,4
成功,4
凛凛,4
憲,4
哀哀,4
霜風,4
日光,4
漫言,4
綺麗,4
冷香,4
籙,4
阿妹,4
親人,4
灩灩,4
小憇,4
帝業,4
奇特,4
永夜,4
大荒,4
薊門,4
海風,4
拂拂,4
形骸,4
衣冠,4
取義,4
讀書聲,4
遺民,4
薛蘿,4
姊弟,4
淡烟,4
向平,4
穉子,4
新篇,4
蒔,4
墻頭,4
淸淸,4
紅燭,4
聯翩,4
棟梁,4
一千,4
畱得,4
維持,4
學士,4
涼宵,4
嬌癡,4
時事,4
身前,4
棧道,4
鮫綃,4
醒來,4
皓首,4
唏噓,4
遊戲,4
婚嫁,4
傳出,4
小苑,4
沙漠,4
神交,4
新春,4
延年,4
古意,4
夢境,4
醖釀,4
樓蘭,4
東吳,4
觸目,4
熏籠,4
靈芝,4
天花,4
連綿,4
海山,4
半天,4
秋亭,4
南州,4
等閑,4
垓下,4
茅檐,4
微微,4
荆樹,4
博山,4
吳綿,4
意味,4
申江,4
光速,4
鬢邊,4
懨,4
皤,4
詞章,4
曉夜,4
甲兵,4
煙霞,4
宛若,4
樱桃,4
沉香,4
捲曲,4
行跡,4
罾,4
嚦嚦,4
相傳,4
堆積,4
歌咏,4
天籟,4
蘇臺,4
傷情,4
花枝,4
荆花,4
盛世,4
一年一度,4
侏儒,4
個中,4
大好,4
塵囂,4
瞬息,4
蜀江,4
悲聲,4
爆竹聲,4
書香,4
綵雲,4
斜暉,4
白雲鄉,4
不啻,4
心思,4
數典,4
忘情,4
神馳,4
黑雲,4
碧漢,4
心志,4
袈裟,4
晨風,4
入座,4
錦坊,4
月中,4
鐵騎,4
懷古,4
砥柱,4
王宮,4
荆州,4
怡然,4
造物,4
泰山,4
去日,4
四起,4
井臼,4
廣厦,4
評論,4
鴻濛,4
堂上,4
諄諄,4
部署,4
款款,4
酸寒,4
石壁,4
詞人,4
猙獰,4
悽惶,4
靚妝,4
車馬,4
奇葩,4
萍水,4
西南,4
山勢,4
暫時,4
翠霞,4
浩蕩,4
旃檀,4
熱血,4
生機,4
新興,4
肺腑,4
晚晴,4
西方,4
心胸,4
前途,4
蒼黃,4
詩興,4
嗷,4
特地,4
眉尖,4
品茶,4
孽,4
狡獪,4
華燈,4
閉門,4
短衣,4
菜花,4
遙遙,4
烟蘿,4
崔嵬,4
歸信,4
作畫,4
杜鵑聲,4
京國,4
河梁,4
哀鳴,4
九州,4
舟子,4
酒樓,4
遺篇,4
體態,4
仙源,4
上乘,4
效顰,4
叱咤,4
白頭,4
老人,4
六代,4
眉梢,4
身後,4
流雲,4
水色,4
疎疎,4
絶頂,4
闔閭,4
梅子,4
勞心,4
痛哭,4
豆子,4
離合,4
秀色,4
水底,4
豐城,4
胥江,4
知命,4
無方,4
神明,4
刀環,4
孚,4
烈士,4
江亭,4
有幸,4
高風,4
桑田,4
闌幹,4
枯木,4
金丹,4
家世,4
撲面,4
試看,4
前人,4
正月,4
情緣,4
婦女,4
以爲,4
金鈴,4
姻緣,4
親朋,4
可喜,4
風笛,4
淸影,4
臺城,4
新聲,4
花露,4
征衫,4
古剎,4
相國,4
山中,4
明春,4
冷泉,4
未妨,4
聯袂,4
烟霧,4
湖濱,4
凌波,4
孺子,4
畫屏,4
未堪,4
卧龍,4
萬紫千紅,4
變態,4
皚皚,4
簿,4
良朋,4
眉山,4
阿姑,4
蘇小,4
前村,4
晶簾,4
春曉,4
當作,4
點滴,4
沈疴,4
太白,4
壓倒,4
回顧,4
無妨,4
海內,4
兢,4
宮袍,4
九九,4
此間,4
雕梁,4
太虛,4
伯勞,4
星霜,4
奇節,4
楚江,4
丹霞,4
家人,4
栽花,4
鐘鼓,4
任教,4
新編,4
祠堂,4
丞相,4
名著,4
變幻,4
搖落,4
扇子,4
孤芳,4
芳容,4
倐忽,4
一經,4
耳畔,4
綺筵,4
心中,4
掌珠,4
歡欣,4
已經,4
結子,4
荒徑,4
金剛,4
月姊,4
聰慧,4
詩文,4
綠天,4
花萼,4
競渡,4
西蜀,4
對面,4
劔,4
春情,4
登場,4
衷懷,4
靡靡,4
卑,4
伶俜,4
女工,4
神通,4
愁思,4
文錦,4
棗花,4
景色,4
月度,4
揮淚,4
躑躅,4
臨江,4
雨絲絲,4
西宮,4
疎林,4
槖,4
領取,4
孟光,4
大半,4
龍華,4
盡情,4
洞口,4
正直,4
釋迦,4
臨安,4
名流,4
金鍼,4
婦人,4
松子,4
春城,4
鄰里,4
在望,4
蓬門,4
驢背,4
情意,4
邸,4
閱厯,4
杜鵑啼血,4
蘋洲,4
舊約,4
迴環,4
樹葉,4
婢子,4
雅稱,4
悽悽,4
半世,4
隨身,4
相關,4
休息,4
白衣,4
中間,4
滿座,4
陰霾,4
憐才,4
夜堂,4
湘娥,4
未敢,4
悲哀,4
風行,4
近日,4
誠意,4
文筆,4
膜拜,4
老淚,4
鏗鏘,4
老親,4
解釋,4
悞,4
留下,4
湯餅,4
裝束,4
玉梅,4
起立,4
秦樓,4
金蓮,4
深谷,4
膏肓,4
淺水,4
婚禮,4
苦海,4
雄風,4
長街,4
矢志,4
糢糊,4
轉側,4
驚看,4
齊國,3
春星,3
驅使,3
江西,3
城闕,3
習習,3
激怒,3
風土,3
意態,3
一萬,3
凝成,3
畫廊,3
不遑,3
婢僕,3
執法,3
堅貞,3
良夜,3
輝光,3
靑驄,3
樹木,3
情況,3
花潭,3
錦官城,3
不俗,3
紙鳶,3
漁家,3
南風,3
虛設,3
剝落,3
賓客,3
成都,3
種植,3
越羅,3
回旋,3
舉止,3
藏匿,3
玉山,3
靈府,3
轉身,3
焦土,3
篝火,3
自理,3
出海,3
相映,3
金波,3
鱸魚,3
忉怛,3
宦情,3
前賢,3
閩山,3
嫩色,3
長卿,3
玉指,3
萬民,3
枯腸,3
關中,3
金風,3
宮門,3
殘陽,3
輕重,3
抱負,3
元氣,3
長波,3
紅梅,3
祇恐,3
詞句,3
嫩葉,3
閨門,3
霧氣,3
心經,3
羅列,3
往還,3
照耀,3
畫橋,3
斷情,3
毿毿,3
菡蓞,3
老年,3
牧笛,3
不至,3
飲恨,3
玉蕊,3
白鷺,3
飛度,3
優遊,3
香豔,3
展轉,3
靈境,3
朱雀,3
垂淚,3
忽憶,3
切念,3
倒掛,3
小隊,3
大風,3
釣筒,3
蘭葉,3
洪流,3
喧囂,3
旅人,3
書信,3
授受,3
半江,3
縹渺,3
惺惺,3
雨氣,3
安居,3
淑德,3
潭水,3
曲調,3
蟬翼,3
王粲,3
囘憶,3
康莊,3
布穀,3
喁喁,3
昌黎,3
倉皇,3
羊腸,3
太和,3
一再,3
書窗,3
水龍,3
江鄕,3
妝飾,3
凝伫,3
美滿,3
梳妝,3
斑駁,3
金塘,3
佳境,3
行程,3
萬般,3
著作,3
兵火,3
書堂,3
椒漿,3
憂傷,3
野鶴,3
霸王,3
永別,3
蘭陵,3
良緣,3
泉壤,3
幽徑,3
遊學,3
落絮,3
荀卿,3
吞吐,3
肅肅,3
步步,3
健兒,3
比翼,3
渡河,3
醒後,3
春月,3
春雷,3
一十三,3
寒簾,3
虛幻,3
講堂,3
枯井,3
殘書,3
山陽,3
化蝶,3
結隊,3
華胥,3
波折,3
高價,3
故居,3
落花流水,3
豫章,3
熱鬧,3
楚楚,3
子夜,3
更換,3
將近,3
高聳,3
墳頭,3
論交,3
翠柏,3
風俗,3
艷色,3
是處,3
珍藏,3
小鳥,3
追隨,3
高山流水,3
鷦鷯,3
華山,3
勝似,3
繁英,3
空說,3
男女,3
掩面,3
丰姿,3
異種,3
南柯,3
猶如,3
歸來日,3
江梅,3
銅壺,3
各異,3
鄉土,3
煙塵,3
吳剛,3
遙想,3
立時,3
離散,3
天生,3
洛川,3
吳淞,3
王侯,3
天府,3
情義,3
禁城,3
步履,3
米鹽,3
秋宵,3
泉水,3
輝煌,3
漁翁,3
短句,3
黃粱,3
掩妝,3
舊情,3
臨行,3
除夕,3
橫琴,3
橫波,3
狀元,3
汙泥,3
大樹,3
諸子,3
心田,3
金花,3
蔚藍,3
狂風,3
新燕,3
情思,3
延津,3
玉篇,3
識面,3
幕府,3
立意,3
之間,3
起居,3
故都,3
蕭梁,3
神妙,3
阿婆,3
飛揚,3
頭顱,3
蹀躞,3
腥風,3
嗷嗷,3
供奉,3
樊籠,3
俸錢,3
無塵,3
蕭齋,3
民情,3
痛君,3
大廈,3
握管,3
佳音,3
親生,3
上蒼,3
入室,3
別家山,3
行宮,3
虎口,3
神采,3
戎馬,3
關頭,3
可曾,3
幽魂,3
中宵,3
英姿,3
銅鼓,3
偉績,3
此生,3
長劍,3
灘頭,3
相期,3
樂聲,3
椰子,3
至此,3
綵衣,3
前程,3
桐樹,3
瑶草,3
踪跡,3
畫法,3
黃梅,3
團聚,3
蓉城,3
周公,3
無量,3
忠義,3
鳳池,3
仙山,3
溝壑,3
春雪,3
翠幃,3
嘆息,3
此事,3
河流,3
危峰,3
眷念,3
石馬,3
仲子,3
紅羅,3
周遭,3
風漪,3
孤寂,3
尚存,3
飛越,3
虛度,3
暗淡,3
大業,3
萬年,3
中道,3
收入,3
乘車,3
領悟,3
鞍馬,3
去留,3
斯文,3
剪刀,3
父子,3
懷舊,3
謳歌,3
猶有,3
冷眼,3
局促,3
空庭,3
刻意,3
蛟宮,3
躬耕,3
都城,3
舉家,3
未及,3
阿香,3
水樣,3
氣力,3
時局,3
可悲,3
衰朽,3
鳥雀,3
沙頭,3
新婦,3
漁歌,3
操作,3
晚年,3
哥哥,3
相遇,3
好人,3
成敗,3
幽靜,3
遙聞,3
珠海,3
菰蒲,3
長生殿,3
淸溪,3
艇子,3
嫋娜,3
宛如,3
逢重,3
離奇,3
休歇,3
相接,3
韜畧,3
雪兒,3
翠黛,3
別墅,3
關門,3
晚唐,3
漢武,3
兵氣,3
馳騁,3
當中,3
篝燈,3
回環,3
書法,3
花鈴,3
歸帆,3
相近,3
投懷,3
鐵板,3
冰柱,3
柳絲絲,3
關睢,3
幾萬,3
長眠,3
萱堂,3
土風,3
讀書堂,3
雙燕,3
羣仙,3
井泉,3
陋巷,3
怪道,3
瑤臺,3
紫薇,3
天河,3
滿城,3
禪關,3
大小,3
應憐,3
纒綿,3
搴幃,3
寶鴨,3
文德,3
長命,3
秦娥,3
庭花,3
凌空,3
蹣跚,3
錦帳,3
報答,3
狐狸,3
凡塵,3
蒲柳,3
連理枝,3
歡日,3
香水,3
眉痕,3
翠柳,3
花邊,3
出世,3
班姬,3
遠離,3
鴉頭,3
别緒,3
新安,3
夾道,3
邗江,3
短篷,3
聲響,3
山影,3
寒露,3
長河,3
玉田,3
望遠,3
丁寧,3
未卜,3
津門,3
枇杷,3
情絲,3
含羞,3
較量,3
遙度,3
刹那,3
凝愁,3
大功,3
食肉,3
延陵,3
追思,3
滿頭,3
嫩白,3
馥馥,3
恩情,3
曠野,3
列國,3
釣臺,3
明知,3
牙籤,3
靈氣,3
馬鬣,3
黃門,3
花瓣,3
乖戾,3
寒泉,3
靚粧,3
農夫,3
膊,3
大將,3
二十三,3
庭竹,3
琴絃,3
許多,3
疎梅,3
凛冽,3
泉流,3
淸宵,3
好處,3
碧潭,3
疎燈,3
長嘯,3
嬰兒,3
美好,3
曲池,3
紫霞,3
君父,3
燭光,3
幽幽,3
絕倫,3
野寺,3
石橋,3
君才,3
新葉,3
報到,3
巴江,3
層巒,3
好鳥,3
春潮,3
凜凜,3
陰雨,3
幼女,3
雙眼,3
小婢,3
習俗,3
隻有,3
不肎,3
棋枰,3
分開,3
天色,3
涼露,3
常儀,3
烏雲,3
蕭郎,3
早報,3
騰驤,3
枯綠,3
年少,3
碧城,3
靄靄,3
豈惜,3
空外,3
春盤,3
偏愛,3
嘒嘒,3
山下,3
渡頭,3
驚覺,3
飛渡,3
百二,3
靈犀,3
輕衫,3
水波,3
水雲鄉,3
雪霜,3
汾陽,3
舉頭,3
鶯梭,3
會面,3
種花,3
蓬島,3
雪泥鴻爪,3
麥浪,3
獨木,3
飄搖,3
京師,3
杳然,3
翠眉,3
鶼鶼,3
蠶桑,3
蜿蜒,3
蘋花,3
低低,3
桂蕊,3
桂子,3
小集,3
秦城,3
池荷,3
著手,3
往年,3
祇是,3
情感,3
友誼,3
壯心,3
參與,3
別君,3
天雞,3
奇句,3
釣魚,3
門巷,3
風浪,3
奔馳,3
領袖,3
不幸,3
猶虛,3
溪聲,3
居士,3
陰陰,3
彩箋,3
疎籬,3
石梁,3
心境,3
梁鴻,3
情况,3
悵惘,3
長者,3
難爲,3
携手,3
銀床,3
凜冽,3
伴侶,3
剩有,3
風篁,3
煌煌,3
死者,3
小姑,3
天臺,3
阮郎,3
眉頭,3
濃香,3
湘竹,3
雷聲,3
漢水,3
風燭,3
來年,3
疊嶂,3
鍼線,3
晴暉,3
閭閻,3
穆王,3
郭田,3
功業,3
長沙,3
麗華,3
僕夫,3
花期,3
白月,3
遺書,3
折腰,3
禦寒,3
操持,3
期望,3
天池,3
評量,3
玉京,3
曉風殘月,3
英才,3
陰暗,3
大節,3
長成,3
寶釵,3
成堆,3
表揚,3
歡歌,3
相如,3
舉杯,3
鼙鼓,3
蟾宮,3
休問,3
天憐,3
金徽,3
絲縷,3
西極,3
太眞,3
水車,3
未已,3
每日,3
還是,3
宫袍,3
生生,3
吳宮,3
隻身,3
林塘,3
老幼,3
同伴,3
轗軻,3
破例,3
偏耐,3
邊關,3
再三,3
淸芬,3
玉龍,3
俗人,3
海燕,3
連夜,3
菱花鏡,3
春筍,3
鵬程,3
酷暑,3
嬌音,3
親愛,3
憂愁,3
桑麻,3
原有,3
當代,3
天風,3
老翁,3
幻影,3
來訪,3
寒欲,3
烟花,3
宛似,3
賸有,3
活火,3
夜珠,3
翹首,3
高情,3
樂意,3
隨侍,3
桃紅,3
孤山,3
禮儀,3
雲頭,3
氣象,3
讀書樓,3
雙翼,3
落拓,3
少時,3
綺疎,3
家法,3
臨岐,3
淸池,3
畹鄉,3
松林,3
田稻,3
錢唐,3
交誼,3
健婦,3
天水,3
梳洗,3
停車,3
留住,3
海嶠,3
嘹嚦,3
六千,3
未了緣,3
銀灣,3
郵筒,3
遊興,3
勝游,3
鋪張,3
舟楫,3
目眩,3
碧峰,3
野趣,3
結構,3
䦨珊,3
水閣,3
難堪,3
漁燈,3
天光,3
漂泊,3
何地,3
潘岳,3
白社,3
遲早,3
燕燕,3
南嶽,3
頭銜,3
阿咸,3
愴然,3
風姿,3
南岳,3
畫師,3
花蕋,3
可笑,3
淨土,3
江漢,3
雨天,3
驟雨,3
峰頂,3
淪謫,3
崔巍,3
遺蹟,3
後期,3
凄切,3
元宵,3
丹臺,3
飛瓊,3
駸,3
新篁,3
不計,3
葦箔,3
相續,3
聞名,3
花神,3
自覺,3
此情,3
輕輕,3
盈虧,3
香輪,3
湖畔,3
家計,3
碧葉,3
寒流,3
石欄,3
馬上,3
風氣,3
燒香,3
村莊,3
徒然,3
偉人,3
鳥衣,3
墳前,3
江潮,3
血腥,3
黃山,3
揚帆,3
穹窿,3
蔦,3
盛開,3
媧皇,3
途中,3
反覆,3
晚鐘,3
小草,3
蝙蝠,3
小南,3
篇章,3
名姓,3
夕陰,3
輕車,3
蘆溝,3
引路,3
儼然,3
火候,3
豈能,3
竹籬,3
金門,3
滿月,3
新鮮,3
轉軸,3
金閨,3
抱病,3
蘆簾,3
謖謖,3
花縣,3
低映,3
衣單,3
淸興,3
成羣,3
疎星,3
銀濤,3
潮水,3
豪情,3
江波,3
葫蘆,3
玉版,3
漁陽,3
危亭,3
漁樵,3
帶來,3
冷然,3
絕壁,3
低首,3
新書,3
歌樓,3
山椒,3
牙簽,3
空梁,3
玉魚,3
彌陀,3
窗簾,3
脫手,3
閒坐,3
前頭,3
水氣,3
繡幕,3
參天,3
洞庭波,3
冒雨,3
吾輩,3
網羅,3
靈秀,3
成就,3
愁心,3
消閒,3
虞山,3
黛色,3
佳麗,3
潔白,3
牕下,3
成材,3
江濤,3
金蘭,3
沛,3
寒霜,3
寒心,3
官閣,3
兒輩,3
坐待,3
信手,3
先賢,3
得名,3
長官,3
髣髴,3
閨女,3
玉兔,3
白門,3
永日,3
僥倖,3
曉霞,3
鸚鵡洲,3
起舞,3
夢想,3
蔡女,3
江干,3
報曉,3
行踪,3
淼,3
棠花,3
尚書,3
赤日,3
言行,3
亦可,3
亭子,3
龍山,3
遙思,3
午睡,3
應變,3
不諱,3
錦堂,3
二百,3
九霄,3
玉尺,3
來賓,3
做出,3
心酸,3
傳經,3
無愧,3
磷,3
心意,3
樓台,3
伴侣,3
行旅,3
忠烈,3
午風,3
琅琅,3
鉛華,3
自語,3
飢寒,3
鸚哥,3
牧童,3
古樹,3
反哺,3
曹娥,3
音塵,3
礮聲,3
好景,3
塵氛,3
霓裳曲,3
老子,3
好友,3
牂牁,3
鳴機,3
明璫,3
身外,3
典籍,3
百萬,3
詩情畫意,3
瘦削,3
關雎,3
靑霄,3
别樣,3
史筆,3
相會,3
周年,3
錦標,3
泥金,3
鎮日,3
松枝,3
翠影,3
咸陽,3
壁燈,3
湮沒,3
鴿鈴,3
秋海棠,3
綠衣,3
嗜好,3
村裏,3
浩氣,3
徹底,3
相看,3
桐子,3
慈幃,3
未見,3
高舉,3
油油,3
驚鴻,3
叢生,3
幽深,3
五千,3
殘日,3
雲峰,3
何遜,3
蠻腰,3
彭城,3
陂塘,3
留連,3
凄楚,3
冷紅,3
灰燼,3
香露,3
融和,3
纖塵,3
䬃,3
作主,3
含煙,3
蕭然,3
猶疑,3
人聲,3
姐妹,3
樞機,3
追尋,3
霜色,3
京兆,3
指尖,3
春工,3
遥望,3
山桃,3
無味,3
半晌,3
搖動,3
女生,3
雲散,3
佳兒,3
叠嶂,3
淺淡,3
牕外,3
重生,3
池邊,3
晚雨,3
暗風,3
筆牀,3
靜女,3
圍坐,3
剪碎,3
欵欵,3
澹澹,3
楚天,3
正酣,3
回腸,3
囬首,3
藹藹,3
閑情,3
泥人,3
瑯琊,3
通州,3
鹦鵡,3
孤邨,3
瓊簫,3
密密,3
冷淚,3
前輩,3
空空,3
耐久,3
百官,3
忠臣,3
生就,3
未消,3
木蘭舟,3
叮嚀,3
養生,3
南海,3
外人,3
感人,3
無所,3
繚繞,3
百六,3
下庭,3
塵鞅,3
土花,3
游戲,3
路過,3
送别,3
仙掌,3
鴻鴈,3
朦朦,3
傳說,3
松栢,3
野菊,3
潇湘,3
長日,3
淒切,3
蘇州,3
阿誰,3
筆硯,3
夢蝶,3
窗扉,3
連營,3
軍民,3
相通,3
曇花一現,3
袋,3
畫筆,3
院門,3
古調,3
古詩,3
拳拳,3
遙峰,3
疎竹,3
文君,3
霸圖,3
國君,3
西冷,3
凈土,3
最高峰,3
消沉,3
世路,3
煩憂,3
潺湲,3
帝王,3
半百,3
芳澤,3
沉淪,3
未定,3
故址,3
金牌,3
幽閨,3
安危,3
山頂,3
摇動,3
致富,3
邂逅,3
憶舊,3
作家,3
可愛,3
無能,3
殘宵,3
達旦,3
紅潮,3
心上,3
瀼,3
蜚聲,3
酒醉,3
叢叢,3
風風雨雨,3
藥欄,3
心切,3
金鳳,3
香泥,3
水態,3
燕羽,3
怒潮,3
方圓,3
高尚,3
幼婦,3
官舍,3
曖曖,3
蜡炬,3
茅舍,3
筆花,3
欄檻,3
體裁,3
阿姨,3
竹徑,3
瓊章,3
深意,3
擣碎,3
烽烟,3
盤中,3
悔過,3
忘身,3
人口,3
佳章,3
光彩,3
圍爐,3
高臺,3
裙腰,3
儒家,3
芳聲,3
百千萬,3
空留,3
往返,3
丁丁,3
赤松,3
輪臺,3
口中,3
風致,3
珍禽,3
當家,3
化成,3
柳岸,3
曉月,3
翻覆,3
霜葉,3
遠浦,3
密意,3
楊子,3
重城,3
四十五,3
左芬,3
試聽,3
原來,3
隱憂,2
慟哭,2
靑梅,2
穹廬,2
飛昇,2
宦途,2
朝遊,2
饒舌,2
後堂,2
城中,2
童八娘,2
寶刀,2
彩旗,2
炎風,2
異時,2
九曲溪,2
鬢鴉,2
祠宇,2
簫鼓,2
山西,2
完人,2
時光,2
彌勒,2
遺集,2
靈機,2
鴛幃,2
冷豓,2
曲江,2
此處,2
興慶,2
茅亭,2
慼慼,2
書名,2
茶花,2
餘地,2
可恨,2
棋聲,2
摩挱,2
傾想,2
釣魚磯,2
虞嶺,2
鄉村,2
隐願,2
消滅,2
雛兒,2
沈思,2
玉貌,2
悽涼,2
阿耶,2
迷路,2
征程,2
閩州,2
餘興,2
彷佛,2
阻却,2
四五,2
綺夢,2
老圃,2
龍舟,2
雪山,2
書箱,2
淸寒,2
暇時,2
整粧,2
露夜,2
咽咽,2
杏花樓,2
開户,2
琴牀,2
碧蕪,2
英烈,2
秘訣,2
幽光,2
提起,2
酒力,2
樓空,2
碧簾,2
解讀,2
慙愧,2
錦幃,2
世緣,2
秦宮,2
上山,2
戰壘,2
野鴨,2
燕巢,2
駿馬,2
單薄,2
圓潤,2
粉牆,2
月照,2
銅琶,2
戰袍,2
無已,2
總能,2
誰人,2
舜華,2
残月,2
浮影,2
朧朧,2
荒郊,2
桐江,2
桑柘,2
一様,2
約略,2
無爲,2
終夜,2
雕琢,2
崢崢,2
學語,2
躭誤,2
輕裝,2
光音,2
圓滿,2
病軀,2
蕨芽,2
初一,2
水界,2
昔人,2
化爲,2
庶幾,2
泥濘,2
洪濤,2
高涼,2
迷茫,2
碧花,2
有緣,2
淒惻,2
香味,2
雜遝,2
雪梨,2
鄰鄰,2
溼透,2
勒馬,2
半邊,2
鬱金,2
西洲,2
仰天,2
兄嫂,2
凝結,2
結想,2
妝束,2
皖城,2
碧月,2
東北,2
灑淚,2
三復,2
愁悶,2
筆鋒,2
迦陵,2
平章,2
煙柳,2
動搖,2
鬱金堂,2
恩義,2
勤苦,2
峻嶺,2
小麥,2
明代,2
閨閫,2
抽絲,2
利祿,2
雲程,2
火星,2
可親,2
貴心,2
血汗,2
現在,2
晨餐,2
魚蝦,2
剝蝕,2
託淸,2
梅花嶺,2
無幾,2
碧雞坊,2
殘餘,2
英靈,2
餘孽,2
鴉陣,2
西川,2
藕塘,2
消炎,2
晚景,2
撫慰,2
中途,2
張緒,2
早遲,2
蘭露,2
去去,2
曲塘,2
下堂,2
帝鄕,2
童稺,2
昨朝,2
苦衷,2
花鼓,2
葛帔,2
追慕,2
知交,2
舊宅,2
駝鈴,2
金烏,2
野馬,2
遠郊,2
姿色,2
有數,2
稺子,2
衰老,2
陸地,2
卅六,2
白髪,2
蜀鵑,2
琴堂,2
國事,2
工部,2
雙目,2
吳蠶,2
客情,2
賢婦,2
四陲,2
邱山,2
聲譽,2
故侯,2
金貂,2
濡染,2
欣欣,2
枯草,2
足力,2
懈怠,2
蔓延,2
飛雲,2
午窗,2
白眼,2
韓蘇,2
合付,2
新條,2
庸碌,2
海氣,2
碧琉瓈,2
屋外,2
山雞,2
閨闈,2
永豐,2
雲閣,2
絮絮,2
流觴,2
藕絲,2
丁字,2
河漢,2
梧影,2
天籁,2
詞源,2
江潭,2
悲切,2
澄江,2
牆頭,2
傳徧,2
輕狂,2
出游,2
他方,2
作者,2
混沌,2
南枝,2
羙人,2
誤人,2
徐市,2
色色,2
炎炎,2
綠樹,2
懷子,2
低聲,2
陫惻,2
紅兒,2
端詳,2
亞字闌,2
寒酸,2
沙場,2
吳鸞,2
沙草,2
消減,2
容光,2
恍若,2
勞想,2
柳橋,2
雁奴,2
默坐,2
楚國,2
排列,2
羅裠,2
花奴,2
無慮,2
搖漾,2
達人,2
心念,2
落夜,2
磈礧,2
白鳳,2
牡蠣,2
認得,2
依戀,2
美玉,2
宦程,2
苦苦,2
飛沙,2
寒籟,2
秣陵關,2
楊妃,2
吹噓,2
瘦竹,2
曈曨,2
日後,2
糾紛,2
叢林,2
鄰姬,2
永别,2
西郊,2
茗盌,2
無從,2
百花潭,2
殘骸,2
蝶蜂,2
翁仲,2
釀就,2
珍珠簾,2
來回,2
臺榭,2
靈臺,2
喈喈,2
看似,2
舊壘,2
低昂,2
綠茸茸,2
鵲巢,2
一叢叢,2
唐宮,2
江妃,2
香爐,2
秘書,2
二毛,2
涼城,2
月窟,2
竹竿,2
學畫,2
礮火,2
鬼火,2
自幼,2
小時,2
大人,2
奴婢,2
時時,2
蟪蛄,2
合影,2
泥土,2
軟語,2
益州,2
貧瘦,2
偏好,2
有名,2
愛好,2
獻策,2
煙絲,2
玉欄,2
斷鴻,2
鴨頭,2
志氣,2
從戎,2
悲凉,2
玉粒,2
玉河,2
商賈,2
秋情,2
牛角,2
晚春,2
往復,2
淚血,2
周南,2
玉蝶,2
文宗,2
家訓,2
其身,2
孤女,2
酒痕,2
安撫,2
短篇,2
盡瘁,2
人倫,2
成仁,2
長老,2
檳榔,2
雷鳴,2
淮水,2
忠貞,2
春空,2
嫩草,2
道人,2
空閨,2
整日,2
紛爭,2
范叔,2
梨花雪,2
豪氣,2
喬柯,2
並州,2
巷口,2
黃石,2
翻身,2
開元,2
瓦礫,2
梁柱,2
雲雲,2
山上,2
沉檀,2
金川,2
瑞靄,2
金龜,2
一團團,2
神器,2
烏山,2
池畔,2
凉風,2
宫闕,2
應許,2
二三,2
古時,2
甘心,2
妻子,2
不周,2
裙裾,2
逍遥,2
岌岌,2
養成,2
變法,2
官道,2
鐵軌,2
沮喪,2
諸君,2
梳粧,2
初秋,2
鹽豉,2
熠熠,2
血色,2
花篇,2
南都,2
江南路,2
開箱,2
小西湖,2
儒士,2
韓昌,2
屋梁,2
悲酸,2
六宮,2
仰面,2
不甘,2
此輩,2
過重,2
古才,2
中景,2
雪片,2
将軍,2
上空,2
朱明,2
蔥蘢,2
海涯,2
醴泉,2
嘤嘤,2
時尚,2
襄陽,2
燕鶯,2
檀槽,2
會心,2
文風,2
追風,2
湏臾,2
節奏,2
宮羽,2
縈帶,2
何嘗,2
綬帶,2
玉珂,2
酣睡,2
淮南,2
思想,2
模樣,2
採得,2
弱骨,2
空階,2
靈跡,2
江花,2
葱鬱,2
里門,2
玉帶,2
走狗,2
經書,2
端溪,2
汨汨,2
口角,2
史書,2
碎花,2
蘆荻,2
瑶池,2
言語,2
井闌,2
盧龍,2
大漠,2
嬌稚,2
娑羅,2
沈郎,2
木魚,2
秘笈,2
寥寂,2
奮飛,2
棠梨,2
仲翔,2
我輩,2
芳魄,2
洋涇,2
笑顏,2
重叠,2
優游,2
蓬勃,2
閒暇,2
疎野,2
賦筆,2
碧瓦,2
仙姥,2
細腻,2
松樹,2
終身,2
銀絲,2
寶珠,2
焦桐,2
花朵,2
翠籠,2
奇偉,2
茶䕷,2
奇謀,2
嶺梅,2
葛衫,2
民心,2
空手,2
一晌,2
銘文,2
娘子,2
天驕,2
軍書,2
消暑,2
羊皮,2
開闢,2
摇盪,2
喘息,2
分行,2
香冷,2
梳頭,2
隴頭,2
入院,2
蛤蚧,2
荔子,2
可比,2
匕首,2
野外,2
蜀國,2
上月,2
孤客,2
好似,2
生命,2
翌日,2
新鶯,2
好色,2
流落,2
去時,2
嗚嗚咽咽,2
蜀絃,2
金城,2
凋敝,2
柴市,2
麝蘭,2
蕊珠,2
天明,2
程嬰,2
榴花,2
張郎,2
天時,2
報恩,2
渣滓,2
老饕,2
見面,2
婉婉,2
軍樂,2
淮海,2
雙棲,2
菱鏡,2
一夕,2
玳梁,2
宣爐,2
暉暉,2
預防,2
小樹,2
衣食,2
懸懸,2
杏園,2
漏夜,2
轉生,2
在家,2
屑屑,2
小陽,2
幽雅,2
三冬,2
星稀,2
譜笑,2
漸漸,2
城裏,2
客子,2
衷腸,2
杏林,2
赤子,2
絃歌,2
四季,2
鍾王,2
來信,2
異國,2
踴躍,2
弱力,2
御風,2
百千,2
能事,2
龍潭,2
咽喉,2
竭力,2
賓主,2
一貫,2
勞役,2
規矩,2
爽朗,2
開明,2
寒意,2
翻騰,2
盜賊,2
鐵甲,2
小子,2
外觀,2
蘢葱,2
午節,2
三山,2
柴關,2
長大,2
牆邊,2
名望,2
狼狽,2
九江,2
古處,2
阿環,2
火樹,2
廣州,2
不過,2
張華,2
破寒,2
章江,2
下秋,2
梅枝,2
紅榴,2
庭長,2
雄關,2
古風,2
深造,2
藝術,2
懷安,2
春氣,2
傳信,2
爾雅,2
鈴聲,2
文翰,2
逆流,2
駢儷,2
模餬,2
行歌,2
其餘,2
揚州路,2
拘牽,2
斧鉞,2
禮經,2
欣然,2
計算,2
規模,2
山風,2
相當,2
石碣,2
廣陵城,2
斜曛,2
神韻,2
長壽,2
道義,2
過時,2
遠情,2
別人,2
洛陽花,2
博士,2
獨生,2
西國,2
狸奴,2
桂芳,2
香亭,2
儼如,2
深沉,2
蕭踈,2
出遊,2
老將,2
稻粱,2
憑據,2
英豪,2
威武,2
恩怨,2
雲溪,2
頭人,2
靑帝,2
明燈,2
滿意,2
三星,2
叢祠,2
老堂,2
新雨,2
上衣,2
幾何時,2
祗恐,2
昨歲,2
擁抱,2
姓氏,2
老嫗,2
催促,2
粟米,2
沙洲,2
飄蕩,2
打疊,2
收得,2
爾輩,2
或且,2
老天荒,2
花蕚,2
長樂,2
驚險,2
師承,2
大觀,2
雲灣,2
鴛湖,2
嶺頭,2
忽聞,2
烈日,2
嘻嘻,2
玉管,2
畫家,2
洋溢,2
梁園,2
鄰女,2
二十四,2
春事,2
婦子,2
王維,2
梅村,2
干將,2
陪侍,2
策馬,2
凝思,2
僕僕,2
遠天,2
人稱,2
水簾,2
籬邊,2
泉氣,2
緇衣,2
魚類,2
鐵衣,2
承宣,2
自學,2
正殿,2
昭關,2
立馬,2
蠮螉,2
慈父,2
閒關,2
赤壁,2
武湖,2
出走,2
家子,2
裁縫,2
超越,2
京城,2
舴艋,2
流涕,2
瞻仰,2
聚寶山,2
湖頭,2
陰淸,2
師資,2
野徑,2
殘絲,2
磊磊落落,2
招不得,2
貝葉,2
芳蘭,2
種種,2
心愛,2
玉芝,2
佗城,2
淸流,2
祖德,2
跌宕,2
心聲,2
燈彩,2
麥兒,2
疆塲,2
唐苑,2
胚胎,2
魚袋,2
鄱湖,2
赤縣,2
新婚,2
水霧,2
洶湧,2
功德,2
臺風,2
邯郸,2
殺氣,2
結髮,2
瑞彩,2
涼水,2
差差,2
赤騰騰,2
墜樓,2
諸姑,2
舊居,2
孤憤,2
火色,2
米價,2
鬱勃,2
昆明,2
塞鴻,2
北平,2
羅敷,2
契結,2
卅五,2
黎庶,2
樂土,2
遺墨,2
子雲,2
禮法,2
文園,2
花景,2
翻飛,2
內助,2
童僕,2
雲天,2
敦厚,2
北畿,2
金玉,2
沉吟,2
質樸,2
停機,2
潑墨,2
探討,2
服食,2
精華,2
日本,2
臺灣,2
聶隱娘,2
水分,2
施設,2
晚餐,2
櫻花,2
江皐,2
停泊,2
地道,2
籬根,2
悲笳,2
玉鏡,2
白蘋,2
呼兒,2
積水,2
姿態,2
讌飲,2
遺骨,2
斜斜,2
紅雲,2
蓬萊山,2
幼小,2
禪房,2
白光,2
僊郎,2
靑娥,2
舊蹟,2
鳷鵲,2
九京,2
西京,2
鸚鹉,2
浮霞,2
燈籠,2
菡萏,2
素書,2
不論,2
瓊鉤,2
皇畿,2
睍睆,2
美名,2
征戰,2
談笑,2
龍團,2
浙水,2
花宮,2
驕人,2
水鄉,2
天馬,2
春雲,2
祖母,2
端莊,2
仙犬,2
柳絮風,2
羅雲,2
沈香亭,2
筆端,2
人品,2
作弄,2
佳偶,2
婦孺,2
錦徽,2
娛樂,2
終極,2
封條,2
羅帬,2
春朝,2
世道,2
眩目,2
靑苔,2
桃笙,2
鷄鳴,2
觥籌,2
謝庭,2
紅顔,2
全靣,2
纎纎,2
篷窗,2
不殊,2
冰桃,2
熱腸,2
淺深,2
庭陰,2
公主,2
玉石,2
皎然,2
遇難,2
烏夜,2
迴翔,2
長庚,2
喧譁,2
嬌羞,2
平陽,2
淺紅,2
蘆洲,2
十五十六,2
孤軍,2
果蘭,2
群芳,2
淮陰,2
幸免,2
騰空,2
里程,2
鼓吹,2
桂玉,2
合並,2
江魚,2
暗裡,2
駸駸,2
不祥,2
垂釣,2
玉雕,2
跳梁,2
慈祥,2
荒村,2
官吏,2
紅旗,2
遠客,2
蜂房,2
采花,2
江岸,2
無暇,2
洗手,2
枝上,2
棗梨,2
治國,2
嬌鷪,2
孤立,2
筆尖,2
綠痕,2
憐心,2
千絲萬,2
烟絲,2
垂竿,2
高人,2
三春,2
糾纏,2
偏逢,2
山脚,2
拔空,2
舒望,2
解吟,2
僮僕,2
閒眠,2
卓識,2
高難,2
玉露,2
囘廊,2
陰日,2
澤國,2
院宇,2
度日,2
黎花,2
淸暉,2
雪中,2
筆下,2
都督,2
自流,2
農務,2
花村,2
剪彩,2
渲染,2
退暑,2
鏡影,2
决絕,2
牙籖,2
良工,2
瑤島,2
區別,2
巨手,2
筆力,2
當前,2
揮洒,2
盥誦,2
鬱葱,2
鐵馬,2
始終,2
鶯花,2
妄想,2
聲韻,2
秋衣,2
團結,2
風騷,2
一霎,2
晚香,2
花分,2
沈香,2
並立,2
錦纜,2
紡織,2
采藥,2
棱棱,2
愁苦,2
碧梧,2
黃金色,2
頂上,2
昆侖,2
怏怏,2
山石,2
天秋,2
戲語,2
漏水,2
隄邊,2
萬籟寂,2
淡忘,2
心旌,2
轔轔,2
刻劃,2
桃花色,2
誦經,2
霞影,2
漳水,2
末路,2
慈悲,2
雨雲,2
杏花村,2
牽引,2
金梭,2
照見,2
好聽,2
國風,2
雅韻,2
幾分,2
濃豔,2
春影,2
平橋,2
湘蘭,2
晨曦,2
飛蛾,2
初醒,2
飛龍,2
初度,2
兩可,2
老衲,2
雁關,2
江畔,2
見容,2
闔閭城,2
前世,2
幼兒,2
昔昔,2
儒生,2
上林,2
伯業,2
荻蘆,2
甕城,2
花朝,2
結實,2
毶毶,2
楓亭,2
羣聚,2
幽水,2
詩意,2
高原,2
澄淸,2
東城,2
雪海,2
情景,2
道合,2
爽然,2
涉世,2
小人,2
同行,2
洪都,2
月宮,2
淸角,2
親炙,2
古驛,2
胸襟,2
烈性,2
蓮臺,2
平臺,2
高空,2
魯陽,2
高梧,2
浮山,2
素練,2
林葉,2
雲林,2
雙修,2
伊涼,2
含烟,2
橋畔,2
側耳,2
迴旋,2
花格,2
可疑,2
野鷗,2
楓樹,2
雀屏,2
人靣,2
行期,2
分流,2
遮斷,2
寒蛩,2
烟景,2
玉關,2
闌角,2
翠春山,2
遲輕,2
英玉,2
蘋風,2
冷醉,2
嫩黃,2
輪轉,2
窀穸,2
煙景,2
海南,2
昔歲,2
虎門,2
寒空,2
前期,2
小星,2
夜遊,2
無價,2
登壇,2
天關,2
奏凱,2
先聲,2
前因,2
仲姬,2
隱逸,2
雄才,2
冬夜,2
畹蘭,2
驚魂,2
國恩,2
何在,2
千日,2
西樓,2
中山,2
孤影,2
表情,2
烟籠,2
徃還,2
臘月,2
澄澈,2
三巴,2
覊愁,2
難量,2
慊慊,2
如願,2
遠眺,2
平居,2
俯瞰,2
九日,2
囂寺,2
同志,2
翻笑,2
巨細,2
蒼蠅,2
東隣,2
相繼,2
情誼,2
悽惻,2
童子,2
鼕鼕,2
擾攘,2
遠音,2
人壽,2
可歎,2
婚姻,2
瑞雪,2
宮墻,2
踽踽,2
鶯囀,2
遠游,2
淡夜,2
永不,2
消恨,2
詩詞,2
傷人,2
賢愚,2
師生,2
來世,2
浪風,2
緘封,2
是時,2
龍骨,2
佇立,2
詔書,2
水靣,2
前後,2
名場,2
愜意,2
重曡,2
鳳尾,2
家奴,2
官家,2
舉國,2
涉水,2
祖宗,2
忠良,2
相持,2
東湖,2
冰淵,2
刼數,2
愁鄉,2
浙西,2
順風,2
北門,2
河水,2
耕耘,2
心路,2
衷情,2
好學,2
年歲,2
當今,2
嘉譽,2
絮才,2
麒麟,2
祈禱,2
迍邅,2
阿娘,2
深院,2
薄霧,2
丰采,2
明豔,2
矜誇,2
稀綠,2
安局,2
猿鳥,2
空前,2
再見,2
燭團,2
懸瀑,2
濃墨,2
秧田,2
羲皇,2
往日,2
彩霞,2
都門,2
床頭,2
壯誌,2
白榆,2
豈是,2
蘭香,2
賦茗,2
心儀,2
上馬,2
八十,2
後塵,2
曹公,2
上界,2
輕航,2
無處,2
董雙成,2
春寒料峭,2
物化,2
皈依,2
接引,2
玉蘭,2
藕絲裙,2
腰帶,2
禁風,2
東流,2
恩波,2
避雨,2
阿侯,2
藏書,2
欲望,2
瓜皮,2
楊灣,2
遙聽,2
良會,2
采菊,2
解留,2
人語,2
葉葉,2
書本,2
孤幃,2
秋紅,2
應識,2
畫舫,2
成竟,2
交錯,2
詩社,2
淩霄,2
佛地,2
仙姑,2
紺殿,2
勝跡,2
村邊,2
時日,2
徐淑,2
芳塘,2
泉聲,2
事蹟,2
仙府,2
黝黑,2
小溪,2
隱君,2
夜闌,2
朝衫,2
隔墻,2
切磋,2
風燈,2
淺淺,2
人寰,2
深重,2
眉筆,2
陶潛,2
陽天,2
瑯玕,2
如舊,2
河畔,2
白帝,2
秋波,2
山堂,2
淼淼,2
揚子,2
芳香,2
連袂,2
艨艟,2
朗朗,2
芳園,2
湖心,2
雨夜,2
隨緣,2
刀頭,2
冰簟,2
墮落,2
為主,2
盡職,2
名門,2
沈醉,2
紅女,2
驚訝,2
煙火,2
金章,2
自此,2
道家,2
婷婷,2
回望,2
知覺,2
無間,2
急流,2
夏初,2
冷光,2
識破,2
篆玉,2
榆甲,2
芳菲節,2
西子湖,2
絢爛,2
哀泣,2
徒勞,2
字跡,2
寂然,2
環繞,2
窓前,2
豐年,2
華嚴,2
難言,2
兒媳,2
栢子,2
假山,2
牛女,2
此會,2
手意,2
可畏,2
霜林,2
遺事,2
外路,2
偏遲,2
琢磨,2
天使,2
驛程,2
天影,2
鬢髪,2
柏子,2
庭際,2
雛鳳,2
皮囊,2
姆教,2
儒雅,2
寸土,2
二八,2
喜怒,2
化身,2
自立,2
失學,2
上國,2
四九,2
微醺,2
燈市,2
丹霄,2
銀毫,2
鳥絲,2
甘霖,2
庸醫,2
岸上,2
蓑笠,2
倉卒,2
長安路,2
佳婦,2
庚寅,2
瓶梅,2
愁劇,2
應接,2
春芳,2
壽辰,2
鄉音,2
剪裁,2
逢迎,2
能耐,2
墨色,2
時常,2
和平,2
玉洞,2
掃地,2
連篇,2
江北路,2
抽身,2
哲人,2
潁濱,2
講席,2
香山,2
門庭,2
窗户,2
薜蘿,2
寒鴈,2
茅廬,2
醉夢,2
雨候,2
酣蝶,2
功夫,2
婦道,2
暮景,2
盡心,2
不停,2
歸心,2
家具,2
芡實,2
信天,2
天外,2
遠過,2
何用,2
連靑,2
雨空,2
須要,2
性格,2
絡繹,2
砧聲,2
丹梯,2
梅樹,2
來意,2
寒濤,2
足底,2
短簿祠,2
天平,2
屹立,2
殘春,2
太湖,2
聖代,2
應候,2
精魂,2
暮雨,2
世故,2
磐石,2
夏天,2
刻苦,2
麟角,2
海濤,2
風箏,2
形影相隨,2
秋窗,2
晩風,2
蔽日,2
小燕,2
山梅,2
城邊,2
燕雲,2
水影,2
户外,2
骨花,2
北固,2
空影,2
一徑通,2
瓜洲,2
心理,2
新林,2
宗師,2
編成,2
閏月,2
延遠,2
天竺,2
湖灣,2
菱塘,2
楊綠,2
良友,2
隨行,2
靑緗,2
雨陰,2
汲取,2
遊覽,2
煞惜,2
任意,2
匡廬,2
待客,2
海天,2
大暑,2
飛綿,2
小隱,2
水濱,2
不聞,2
臨時,2
題詠,2
晴濤,2
蘭堂,2
馮夷,2
當面,2
身材,2
難爲情,2
骰子,2
雕鏤,2
耳邊,2
陰森,2
涼流,2
滿滿,2
卧榻,2
蝸牛,2
歸航,2
苦難,2
英俊,2
秋毫,2
侍婢,2
風泉,2
寄粧臺,2
花蘂,2
行詩,2
魚苗,2
華南,2
鴻跡,2
門牆,2
宰相,2
天文,2
黃海,2
沆瀣,2
仙界,2
碧陰,2
障礙,2
攀途,2
閃閃,2
平地,2
掃蕩,2
事宜,2
管弦,2
凌雲,2
山巔,2
久病,2
張旭,2
阿孫,2
大海,2
珠翠,2
古塔,2
眼晚,2
夢客,2
騎馬,2
橫掃,2
涼影,2
天門,2
公車,2
林巒,2
老屋,2
迂迴,2
鷲嶺,2
小倉山,2
天數,2
須眉,2
人工,2
巨靈,2
盛暑,2
功勳,2
震蕩,2
別家,2
慧眼,2
太液池,2
鷗波,2
北里,2
法書,2
風烟,2
白山,2
蒼梧,2
天敎,2
鎮心,2
更生,2
文武,2
簾子,2
桐階,2
勝蹟,2
初陽,2
釣磯,2
來看,2
毛髮,2
新陰,2
閨綵,2
生離死別,2
欄干,2
蓋世,2
子女,2
修身,2
宵夜,2
舊迹,2
佳士,2
竹簡,2
錦幔,2
烈女,2
廉泉,2
棣棠,2
理學,2
艱苦,2
良言,2
剛柔,2
適用,2
氣質,2
前驅,2
太常,2
斑斕,2
雷車,2
蘇瓌,2
徽音,2
重修,2
解珮,2
輪迴,2
醫藥,2
畫角,2
心世,2
靑藜,2
漢宫,2
仙源路,2
幽潔,2
開春,2
神物,2
寳劍,2
有用,2
話舊,2
回春,2
祝長生,2
使者,2
顯揚,2
認同,2
前夜,2
何殊,2
齊聲,2
相延,2
絕不,2
缺陷,2
柳眼,2
佳事,2
忠厚,2
三昧,2
匠心,2
秋日,2
玉燕,2
母兄,2
慈航,2
常言,2
痛惜,2
李廣,2
詼諧,2
獨居,2
侘傺,2
舊地,2
詎料,2
如故,2
猜疑,2
香煙,2
淒淸,2
牽掛,2
海角,2
添衣,2
大團圓,2
偏遇,2
成長,2
爭先,2
蘇蕙,2
同堂,2
夫妻,2
未嘗,2
梅福,2
聲疑,2
翦裁,2
萌芽,2
百日,2
出土,2
獵獵,2
郊外,2
珠玉,2
定居,2
塵海,2
冷節,2
守歲,2
無謂,2
徒步,2
萬世,2
諸侯,2
窺見,2
最先,2
出沒,2
倏然,2
篁竹,2
隱居,2
臺下,2
傳誦,2
路上,2
渭城,2
境界,2
奇觀,2
皇皇,2
隨地,2
舊製,2
蒿萊,2
良覿,2
阿房,2
文犀,2
紫蒂,2
哭聲,2
蜉蝣,2
吳歈,2
變徵,2
粲粲,2
行徑,2
嘉賓,2
愉悅,2
迴身,2
焉能,2
致辭,2
僻容,2
山村,2
勞悴,2
謝娘,2
采薇,2
峨嵋,2
孝陵,2
焚身,2
下車,2
轆轆,2
溪口,2
拍拍,2
篋笥,2
小紅,2
合伴,2
瑤京,2
廻腸,2
冷艷,2
淩亂,2
梧桐樹,2
魏紫,2
長逝,2
壽筵,2
下拜,2
本源,2
遊宦,2
超然,2
西河,2
楚宫,2
欷歔,2
戰士,2
素有,2
彈琴,2
比似,2
不樂,2
淩寒,2
怒吼,2
郭索,2
石齒,2
仍舊,2
其時,2
白描,2
絕調,2
鄉關路,2
山窗,2
吳儂,2
失明,2
鳳尾蕉,2
移家,2
遺宅,2
題品,2
馮夷宮,2
天衣,2
沙棠,2
金管,2
會上,2
花色,2
危灘,2
國士,2
芝田,2
玉軫,2
厚祿,2
交親,2
斷絕,2
諸兒,2
久旱,2
平時,2
錦箋,2
猩猩,2
欣賞,2
節度,2
結社,2
鵂鶹,2
疎疎密密,2
風影,2
金雞,2
曙星,2
楓江,2
喉舌,2
香徑,2
花茵,2
精衛,2
畫卷,2
吟詠,2
溪頭,2
丰韻,2
分股,2
影射,2
小家碧玉,2
苗條,2
春晚,2
母親,2
笑談,2
保重,2
陶公,2
天塹,2
狂瀾,2
殉國,2
藕花洲,2
電鼓,2
丁娘,2
徹骨,2
巧婦,2
張融,2
聞聲,2
蝌蚪,2
撲簌,2
開謝,2
炯炯,2
屈子,2
幽獨,2
感恩,2
歡顏,2
盤根,2
千帆,2
江聲,2
延山,2
急浪,2
艱危,2
帆風,2
半空,2
隱現,2
蠶繭,2
心靈,2
凌霄,2
安心,2
帝鄉,2
馬健,2
桂湖,2
桂葉,2
晴虹,2
荷亭,2
甘醴,2
百卉,2
蜀都,2
出庭,2
月魄,2
前溪,2
寒螿,2
梅蕊,2
長衢,2
天宇,2
逶迆,2
霸氣,2
水際,2
搖蕩,2
月上,2
樹樹,2
鏘鏘,2
記事,2
美女,2
晶丸,2
盛唐,2
大雷,2
靑谿,2
鳳凰池,2
衣鉢,2
嬉笑,2
山陲,2
短短,2
蝸居,2
衙齋,2
義勇,2
眞眞,2
鶺鳹,2
前年,2
打鼓,2
絮人,2
八百,2
魂銷,2
預訂,2
先春,2
珍惜,2
鐙花,2
羃羃,2
大帥,2
啁啾,2
超羣,2
元都觀,2
吳娃,2
闌月,2
錦袍,2
竿頭,2
个个,2
淩雲,2
傳唱,2
幽境,2
臘梅,2
白鷺洲,2
淸吟,2
初七,2
蠻夷,2
芳儀,2
夜露,2
刻畫,2
秦關,2
酩酊,2
張琴,2
善工,2
虢國,2
鳳釵,2
東堂,2
單衣,2
杜甫,2
月令,2
歌扇,2
爭唱,2
柘枝,2
山秋,2
仙鄉,2
高寒,2
煖風,2
纖眉,2
交相,2
進士,2
緘默,2
嫩苔,2
東施,2
獨眠,2
鬬淸,2
香色,2
友愛,2
芳氣,2
玉溪,2
一带,2
秋信,2
榮枯,2
日漸,2
第幾,2
蓉湖,2
憐謝,2
明眼,2
心長,2
百合,2
芸窗,2
朝雲,2
亂世,2
熱淚,2
緗桃,2
殘燭,2
紫臺,2
長松,2
出處,2
悲泣,2
亂石,2
女媧,2
處子,2
父兄,2
不應,2
無為,2
張羅,2
母女,2
後母,2
當先,2
白水,2
紅花,2
寢食,2
石流,2
回鄉,2
轉離,2
水池,2
寶鑒,2
囀靑,2
黃姑,2
魚躍,2
碧紗,2
豐碑,2
天壤,2
歸家,2
益壽,2
鳳紙,2
名花,2
品格,2
涼生,2
錦屏,2
靑眼,2
浪迹,2
深知,2
蹤迹,2
草閣,2
楊香,2
頹唐,2
紗橱,2
劉郎,2
驪山,2
金山,2
在世,2
孜孜,2
晏安,2
空虛,2
奇功,2
腹中,2
淵源,2
鏡裏,2
敗葉,2
谽谺,2
奇姿,2
明凈,2
烏衣巷口,2
杜若,2
牡丹花,2
瑤階,2
日月光,2
入耳,2
彩虹,2
棠棃,2
陰濃,2
恍疑,2
書札,2
王謝堂,2
年光,2
汀蘭,2
哀怨,2
私情,2
猶然,2
民事,2
商人,2
禾苗,2
一心,2
彭澤,2
浮香,2
相連,2
盤旋,2
愚公,2
砥礪,2
根柢,2
深淵,2
不學,2
六經,2
大澤,2
天和,2
癡人,2
晚日,2
林下,2
山坳,2
亭亭玉立,2
期況,2
薄病,2
上苑,2
難說,2
僝僽,2
醉月,2
光照,2
猶未,2
淡秋,2
骨香,2
來路,2
影疑,2
晴光,2
林鶯,2
玉花,2
獲得,2
水禽,2
二九,2
玉梅花,2
說說,2
長宵,2
丁甯,2
墻角,2
天人,2
酷烈,2
釣竿,2
螺鬟,2
文姬,2
帷幄,2
未秋,2
韻語,2
暗裏,2
雛鶯,2
陰裏,2
甚時,2
凄絕,2
鶯燕,2
陰綠,2
運籌,2
橫幅,2
當天,2
遥情,2
海底,2
斜陽影,2
楊樹,2
字畫,2
憑仗,2
羯鼓,2
萱幃,2
大夫,2
詩思,2
煦煦,2
冷冷,2
老婦,2
侵入,2
棧路,2
美景,2
地心,2
悵悵,2
荆門,2
水程,2
淑景,2
飛雁,2
緐華,2
東坡,2
江浦,2
白蓮,2
支機,2
幾經,2
盎然,2
淸華,2
瓦盆,2
李花,2
相呼,2
未覺,2
蔷薇,2
倉儲,2
潛心,2
世俗,2
屐齒,2
雲海,2
臨摹,2
粉臉,2
賦閒,2
荷香,2
入暮,2
槐樹,2
東南風,2
石筍,2
鶯兒,2
子兒,2
離情,2
南極,2
下榻,2
落梅風,2
輪廻,2
素影,2
漫遊,2
咄咄,2
冷吟,2
黯傷,2
巧合,2
遍地,2
天姿,2
離恨,2
寒食節,2
螟蛉,2
巷陌,2
品評,2
同學,2
盼望,2
白發,2
豈非,2
遷居,2
幻境,2
蒼顏,2
老樹,2
躭吟,2
鍾情,2
承親,2
感情,2
椿庭,2
繅絲,2
芬菲,2
拜堂,2
弱弟,2
慨然,2
今晨,2
訂期,2
白傅,2
慈顏,2
桂林,2
睽違,2
仰望,2
家常,2
檐前,2
相違,2
撲鼻,2
柑酒,2
物是人非,2
黃楊,2
微物,2
河陽,2
雞鳴,2
荷池,2
寄興,2
幽冥,2
中國,2
羅帷,2
東家,2
殺人,2
麗日,2
老臣,2
天津,2
地脈,2
豺虎,2
迄今,2
二千,2
殘生,2
埋沒,2
奈爾,2
捨身,2
湖州,2
虛無,2
生民,2
蕩蕩,2
虎穴,2
影堂,2
華月,2
招搖,2
胸境,2
歲年,2
孤猿,2
別開生面,2
浪跡,2
山山水水,2
鯉鴻,2
恩愛,2
蜘蛛,2
時勢,2
雲水,2
茹苦,2
天威,2
早日,2
文士,2
佛法,2
文墨,2
勤儉,2
敬愛,2
能人,2
調羹,2
鼓動,2
影兒,2
盪漾,2
握別,2
漫道,2
搶地,2
野人,2
靑衫,2
慈闈,2
紅蕖,2
無疑,2
雲鄉,2
故侶,2
落後,2
出郊,2
露天,2
拭淚,2
吉祥,2
太空,2
鄉愁,2
慈恩,2
江濱,2
靈前,2
事情,2
家中,2
紅雨,2
閏年,2
菱葉,2
忽而,2
淚漬,2
早已,2
影樓,2
細語,2
布帆,2
徃事,2
淸癯,2
羞澀,2
頓悟,2
日常,2
浮鷗,2
野人家,2
李通,2
越王城,2
窮困,2
倘許,2
謝家,2
愁懷,2
沅湘,2
分散,2
滯留,2
競喧,2
淡黃,2
邗水,2
日如年,2
淸光,2
棲身,2
濃蔭,2
四千,2
香紅,2
計展,2
名人,1
詞壇,1
祈雨,1
快意,1
城門,1
飛觴,1
牧馬,1
杜若芳,1
殺戮,1
桑園,1
幽花,1
古刹,1
長安市,1
疆土,1
了却,1
焉知,1
顧盼,1
芙渠,1
秋晚,1
喟然,1
奇遇,1
漢朝,1
老萊,1
有錢,1
了了,1
酒後,1
三三,1
經濟,1
牆外,1
石柱,1
彼岸,1
可見,1
吳君,1
鏖戰,1
春魂,1
府第,1
虹霓,1
良田,1
日報,1
舊書,1
方丈,1
小鳳,1
玉峰,1
爪牙,1
格格,1
吐氣,1
虎山,1
夢遊,1
野蔬,1
茅堂,1
都尉,1
荆榛,1
西巖,1
微茫鏡,1
不問,1
冷却,1
麟文席,1
梅華,1
流民,1
黃庭,1
微笑,1
兒夫,1
無定,1
塗抹,1
相向,1
平坦,1
物色,1
散漫,1
倒挂,1
壁壘,1
方伯,1
殘局,1
菽水,1
神兵,1
退步,1
長幹,1
雲集,1
余高,1
戒嚴,1
